element,block,oxistates,1s,2s,2p,3s,3p,4s,3d,4p,5s,4d,5p,6s,4f,5d,6p,7s,5f,6d,7p,1st_ion_energy,2nd_ion_energy,3rd_ion_energy,4th_ion_energy,ionic_radius,coordination,lattice_structure,symbol,atomic_number,atomic_radius,atomic_radius_rahm,atomic_volume,atomic_weight,c6_gb,covalent_radius,covalent_radius_pyykko,covalent_radius_pyykko_double,dipole_polarizability,electron_affinity,en_allen,en_ghosh,en_miedema,en_pauling,evaporation_heat,group_id,heat_of_formation,lattice_constant,mass,mendeleev_number,miedema_electron_density,miedema_molar_volume,molar_heat_capacity,period,pettifor_number,vdw_radius,vdw_radius_alvarez,vdw_radius_mm3,vdw_radius_uff
Li,-1.9266298590080622,-1.8067960675535546,0.0,-9.274231161469052,-6.520073898075361,-6.139269787118282,-4.1886543491986385,-3.7629975682105146,-2.82542623180228,-1.9514576767477174,-1.7505870803034447,-1.651577969764004,-1.303088468164761,-1.2311556002220554,-1.0793356029061256,-0.8245136498890756,-0.6531778571342114,-0.5871578762846312,-0.4754210022838488,-0.3103190509961628,-0.10660035817780522,-1.00223612897682,7.1710476360443325,4.734387657894372,0.0,-0.5129142957386871,-0.26786929995562364,-1.3855219854940923,Li,-2.0386088422478807,-0.6299736963435503,-1.598159123161651,-0.39242248935286583,-1.8901218255885488,-0.08987089115984037,-0.7403911637742157,-0.7403911637742157,-0.437270729718653,0.5752572042369735,-0.05371337904418933,-1.4953233740318819,-1.4044921020956143,-1.1115054261801292,-1.2497989996096914,-0.9313407293965408,-1.3768369378358294,-1.0562567092980355,-0.4258279344282651,-1.8901218255885488,-1.6107137315809792,-1.0790647447325339,-0.3153255450013497,-0.5368465357355566,-2.8479076859742456,-1.4424352980540283,-1.4819911695355386,-1.8141433051072375,-0.17385260458362253,-1.8457487926797544
Be,-1.9266298590080622,-0.940379239837815,0.0,0.10660035817780616,-6.520073898075361,-6.139269787118282,-4.1886543491986385,-3.7629975682105146,-2.82542623180228,-1.9514576767477174,-1.7505870803034447,-1.651577969764004,-1.303088468164761,-1.2311556002220554,-1.0793356029061256,-0.8245136498890756,-0.6531778571342114,-0.5871578762846312,-0.4754210022838488,-0.3103190509961628,-0.10660035817780522,1.9087568305085418,0.22900805802090377,6.362811316345858,7.170977840764897,-2.338895150954879,-2.3826269311842347,-0.1960006711186765,Be,-2.004248072640945,-2.0202604744810406,-1.6434755444233247,-1.0973708670214894,-1.8634132729602064,-0.9353946814013978,-1.9369474995420237,-1.9369474995420237,-2.035495246840332,-1.013375521764289,-4.514509619344239,0.144071579955336,-0.5209942062978038,1.2244417135123675,0.08163849014975669,-0.06860035098824696,-1.1611444671565874,-0.2118582545480011,-1.3626723520434285,-1.8634132729602064,1.0480867297765206,1.0101393884330818,-1.0415265373664961,-3.8033918722600784,-2.8479076859742456,1.2675330271585101,-2.4422568374253233,-2.3139976838548697,-1.2774387032448726,-1.2991122002873867
Na,-1.9266298590080622,-1.8067960675535546,0.0,0.10660035817780616,0.15162962553663667,-2.979879487314722,-4.1886543491986385,-3.7629975682105146,-2.82542623180228,-1.9514576767477174,-1.7505870803034447,-1.651577969764004,-1.303088468164761,-1.2311556002220554,-1.0793356029061256,-0.8245136498890756,-0.6531778571342114,-0.5871578762846312,-0.4754210022838488,-0.3103190509961628,-0.10660035817780522,-1.1893209767772361,3.7436338539517013,2.1015946147704296,2.14958823186114,0.4559735049882722,-0.26786929995562364,-1.3855219854940923,Na,-1.7637226853923917,0.5865272345267537,-1.3715770168532895,0.5301025480900242,-1.6832549191420894,0.023242659374147243,0.10877784870616417,0.10877784870616417,1.2549669942925363,0.5575006217093126,-0.15735795696806007,-1.600418140860877,-1.6675726301126144,-1.2707745493409812,-1.362632685182526,-1.1998083875223513,-1.3768369378358294,-1.3218295080597342,0.15189278976775242,-1.6832549191420894,-1.5747839956166887,-1.2980942103063486,0.6511493559488083,0.771013483759233,-2.052301729257631,-1.4841271184419136,0.008076246155507207,-0.45739570564937865,0.34345337916383845,-0.856596863588803
Mg,-1.9266298590080622,-0.940379239837815,0.0,0.10660035817780616,0.15162962553663667,0.17951081248883885,-4.1886543491986385,-3.7629975682105146,-2.82542623180228,-1.9514576767477174,-1.7505870803034447,-1.651577969764004,-1.303088468164761,-1.2311556002220554,-1.0793356029061256,-0.8245136498890756,-0.6531778571342114,-0.5871578762846312,-0.4754210022838488,-0.3103190509961628,-0.10660035817780522,0.6672936281979103,-0.15489376962384602,2.5430455382488315,2.58625108109314,-0.6619739573889885,-0.26786929995562364,-0.1960006711186765,Mg,-1.7293619157854556,-0.456187849076364,-0.6918306979282014,-0.31409489183412986,-1.6663027931916687,-0.6420064097038674,-0.5087996149159303,-0.5087996149159303,-0.06121790216061094,-0.5927487951267512,0.0,-0.5553090707280944,-1.0379422393791087,-0.47442893353672083,-0.5050966748289831,-1.0181506308264436,-1.1611444671565874,-1.1188047429832233,-0.6444249652051367,-1.6663027931916687,1.0840164657408111,-0.7083994952999246,-0.22567110149947978,-0.5333537344965497,-2.052301729257631,1.1007657456069693,-1.7800046526737476,-0.4216918214531192,-0.5876973915815903,-0.7859431543680206
Al,-0.9234143111222073,-0.0739624121220754,0.0,0.10660035817780616,0.15162962553663667,0.17951081248883885,-3.449973822686654,-3.7629975682105146,-2.82542623180228,-1.9514576767477174,-1.7505870803034447,-1.651577969764004,-1.303088468164761,-1.2311556002220554,-1.0793356029061256,-0.8245136498890756,-0.6531778571342114,-0.5871578762846312,-0.4754210022838488,-0.3103190509961628,-0.10660035817780522,-0.5623241320217467,0.30363967603527664,-0.1343710931276622,3.039721987797466,-1.3513748925216325,-0.26786929995562364,-0.4933809997125304,Al,-1.6950011461785195,-1.3251170854122953,-0.737147119189874,-0.6622175474729564,-1.6318046499585563,-0.7190650160051465,-1.010581304108882,-1.010581304108882,-0.9543433676109608,-0.7612006222918142,-0.3274744143461791,0.23415280866590277,-0.4082232618864424,0.32191668226753944,0.17190543860802443,-0.20203038466754197,1.2114727103150769,-0.17648272729982128,0.011366127125477455,-1.6318046499585563,1.2995948815265543,-0.09062407957890917,-0.5842888755069595,-0.792985293262726,-2.052301729257631,1.3926084883221657,-1.4157659510603808,-1.3499928105558647,-0.8291068506637398,1.9621142726929293
K,-1.9266298590080622,-1.8067960675535546,0.0,0.10660035817780616,0.15162962553663667,0.17951081248883885,0.24342880987326723,-1.7314405988698687,-2.82542623180228,-1.9514576767477174,-1.7505870803034447,-1.651577969764004,-1.303088468164761,-1.2311556002220554,-1.0793356029061256,-0.8245136498890756,-0.6531778571342114,-0.5871578762846312,-0.4754210022838488,-0.3103190509961628,-0.10660035817780522,-1.7805661431083595,1.8504808945970224,0.7644959303706976,0.5423811467495738,1.797510459840985,-0.26786929995562364,-1.3855219854940923,K,-1.4888365285369027,1.976814012664244,-0.9637292254982366,2.409964888539687,-1.475630631259232,1.677528335933716,1.691320099237781,1.691320099237781,2.8061849079694596,2.1540216702140134,-0.22602176929827053,-1.9340523212703846,-1.5573795603928244,-1.7485819188235374,-1.610866793442762,-1.7119332195998709,-1.3768369378358294,-1.4166769361889124,0.9325964711137218,-1.475630631259232,-1.5388542596523982,-1.4553461343080616,2.6100989464646664,1.302695450141388,-1.2566957725410162,-1.5258189388297987,1.5974814895592893,0.3637936308645886,1.688448936907237,0.6847695823066824
Ca,-1.9266298590080622,-0.940379239837815,0.0,0.10660035817780616,0.15162962553663667,0.17951081248883885,0.24342880987326723,0.3001163704707772,-2.82542623180228,-1.9514576767477174,-1.7505870803034447,-1.651577969764004,-1.303088468164761,-1.2311556002220554,-1.0793356029061256,-0.8245136498890756,-0.6531778571342114,-0.5871578762846312,-0.4754210022838488,-0.3103190509961628,-0.10660035817780522,-0.46799123294956535,-0.5373055033987169,1.0291541388776713,0.8110817878602327,0.6050331666385736,0.7895095156586818,-0.4933809997125304,Ca,-1.4544757589299666,0.5865272345267537,0.6676619399219749,1.0696926643302052,-1.4630031906580672,0.48983605532684615,0.7263553123282586,0.7263553123282586,0.643881149510718,0.5336156611411323,-0.9309284632995608,-1.1946355689378132,-1.175962624820202,-1.4300436725018335,-1.2046655253805576,-0.9013323684084262,-1.1611444671565874,-0.9614092811688574,1.205842759584811,-1.4630031906580672,-1.395135315795236,-1.1857714074479822,0.8681131092233334,-0.1219793663468538,-1.2566957725410162,-1.2756680165024874,0.1405266831058224,-0.028949095294265294,0.7228111005786432,-0.08312467843497727
Sc,0.07980123676364759,-0.0739624121220754,0.0,0.10660035817780616,0.15162962553663667,0.17951081248883885,0.24342880987326723,0.3001163704707772,-2.501257381217403,-1.9514576767477174,-1.7505870803034447,-1.651577969764004,-1.303088468164761,-1.2311556002220554,-1.0793356029061256,-0.8245136498890756,-0.6531778571342114,-0.5871578762846312,-0.4754210022838488,-0.3103190509961628,-0.10660035817780522,-0.13598818765704634,-0.42512223853014425,-0.3255237038469423,1.0738640988750021,-0.5688116688575501,-0.26786929995562364,-0.1960006711186765,Sc,-1.4201149893230305,-0.10861615454199143,0.35044699109026706,-0.22706422792442324,-1.4001313997751994,0.023242659374147243,-0.16141229162850215,-0.16141229162850215,-0.813323557276695,-0.26841617267461515,-0.6893428742395278,-0.8072028769372723,-1.0880092609876644,-0.686787764417857,-0.39226298925614844,0.058399319622166414,-0.9454519964773451,0.0639683202276629,-0.5663545970705397,-1.4001313997751994,-1.2514163719380738,-0.4556731888686003,-0.1333270246925538,-0.28070777820838716,-1.2566957725410162,-1.1089007349509465,-0.3892750646954383,-0.17176463207930306,0.033069788915361865,-0.27649272472343345
Ti,0.07980123676364759,0.7924544155936641,0.0,0.10660035817780616,0.15162962553663667,0.17951081248883885,0.24342880987326723,0.3001163704707772,-2.177088530632526,-1.9514576767477174,-1.7505870803034447,-1.651577969764004,-1.303088468164761,-1.2311556002220554,-1.0793356029061256,-0.8245136498890756,-0.6531778571342114,-0.5871578762846312,-0.4754210022838488,-0.3103190509961628,-0.10660035817780522,0.06145806295038361,-0.33135161163949084,-0.18388034557763105,-0.20374399665279538,-1.090520484633605,-0.26786929995562364,-0.1960006711186765,Ti,-1.3857542197160944,-0.8037595436107365,0.0785484635202318,-0.6099991491271324,-1.3626100755795012,-0.2383324262356991,-0.624595389345073,-0.624595389345073,-0.7663169538319398,-0.23070307704064585,-0.8504492016029025,-0.336778682559867,-0.9998565769470177,-0.10280097949473306,0.013938278806055885,0.5401406861992201,-0.7297595257981029,0.5520480584924065,-0.8474079223550887,-1.3626100755795012,-0.10166482108077658,0.3642832719974747,-0.5322892982758749,-0.4592287304242934,-1.2566957725410162,0.18354569707349477,-0.5217255016457535,-0.6002112424344164,-0.7256456539142476,-0.49960970121011417
V,0.07980123676364759,1.6588712433094037,0.0,0.10660035817780616,0.15162962553663667,0.17951081248883885,0.24342880987326723,0.3001163704707772,-1.852919680047649,-1.9514576767477174,-1.7505870803034447,-1.651577969764004,-1.303088468164761,-1.2311556002220554,-1.0793356029061256,-0.8245136498890756,-0.6531778571342114,-0.5871578762846312,-0.4754210022838488,-0.3103190509961628,-0.10660035817780522,0.0007846066588237704,-0.20339960699385798,-0.08965121754870325,-0.0582448104104022,0.0,0.0,-1.3855219854940923,V,-1.3513934501091582,-0.9775453908779228,-0.1480336427881309,-0.8058181429239722,-1.3229825711104999,-0.41153755049086765,-0.7017925722978348,-0.7017925722978348,-1.001349971055716,-0.39412649145451284,-0.19124349514358968,0.035640471322246146,-0.9119187157973312,0.3750063899878233,0.2170389128371578,0.7405536685126994,-0.5140670551188606,0.769940798789167,-0.7927586646608709,-1.3229825711104999,0.04205412277638556,0.8697358848601239,-0.7313221628500263,-0.5252038649388666,-1.2566957725410162,0.3086211582371504,-0.6541759385960687,-0.7430267792194541,-1.0705163097458883,-0.5572482534691737
Cr,0.07980123676364759,-0.0739624121220754,0.0,0.10660035817780616,0.15162962553663667,0.17951081248883885,0.24342880987326723,-1.7314405988698687,-1.2045819788778953,-1.9514576767477174,-1.7505870803034447,-1.651577969764004,-1.303088468164761,-1.2311556002220554,-1.0793356029061256,-0.8245136498890756,-0.6531778571342114,-0.5871578762846312,-0.4754210022838488,-0.3103190509961628,-0.10660035817780522,0.015834301558478193,0.02050793950130406,-0.004303831843125976,0.04536824005406131,-1.0532555692210297,-0.26786929995562364,-1.3855219854940923,Cr,-1.317032680502222,-0.8037595436107365,-1.0090456467599092,-0.9032924865028436,-1.3093897377349888,-0.5854496344368736,-1.1649756700144056,-1.1649756700144056,-1.0483565745004713,-0.44441061896647194,0.017160102638390226,0.33048967825914805,-0.8239764253096904,0.7997240517500959,0.2847391241808586,0.10823463340599959,-0.29837458443961845,0.16486547620508052,-0.9020571800493067,-1.3093897377349888,0.1857730666335477,1.3021786758648344,-0.8326316840071392,-1.1228609658355948,-1.2566957725410162,0.433696619400806,-0.6872885478336475,-0.6359151266306758,-1.2084645720785445,-0.7822245380932429
Mn,0.07980123676364759,-0.0739624121220754,0.0,0.10660035817780616,0.15162962553663667,0.17951081248883885,0.24342880987326723,0.3001163704707772,-1.2045819788778953,-1.9514576767477174,-1.7505870803034447,-1.651577969764004,-1.303088468164761,-1.2311556002220554,-1.0793356029061256,-0.8245136498890756,-0.6531778571342114,-0.5871578762846312,-0.4754210022838488,-0.3103190509961628,-0.10660035817780522,0.51015564865174,-0.08179503717481217,0.13599962581596065,0.13202950217244205,-0.8110336190392898,-0.26786929995562364,-1.0881416569002382,Mn,-1.282671910895286,-0.8037595436107365,-0.6011978554048563,-0.8893675802772906,-1.271470759362066,-0.6377646515588429,-1.2807714444435483,-1.2807714444435483,-1.3303961951690029,-0.6329760971363185,0.0,0.5682040318009223,-0.7358525319657666,0.5873652208689596,0.03650501592062282,-0.5401603093729044,-0.08268211376037626,-0.4205225964321929,3.7899719448399702,-1.271470759362066,0.32949201049070986,0.734948521430084,-0.8218731507869149,0.029763443036666948,-1.2566957725410162,0.5587720805644616,-0.7204011570712262,-0.6359151266306758,-1.2429516376617076,-0.897501642611361
Fe,0.07980123676364759,-0.5071708259799452,0.0,0.10660035817780616,0.15162962553663667,0.17951081248883885,0.24342880987326723,0.3001163704707772,-0.8804131282930183,-1.9514576767477174,-1.7505870803034447,-1.651577969764004,-1.303088468164761,-1.2311556002220554,-1.0793356029061256,-0.8245136498890756,-0.6531778571342114,-0.5871578762846312,-0.4754210022838488,-0.3103190509961628,-0.10660035817780522,0.857039971183576,-0.014196246397362021,-0.02025564615061902,0.28844251184951897,-0.68992264394842,-0.26786929995562364,-1.3855219854940923,Fe,-1.2483111412883499,-0.8037595436107365,-0.827779961713219,-0.9146064728111055,-1.2597809226591263,-0.6992701446616987,-1.396567218872691,-1.396567218872691,-1.1423697813899818,-0.7084022884042571,-0.7440303431610402,0.6933168494544879,-0.6479567495266835,1.0970264149836857,0.6683736551284964,0.0975173616245301,0.13301035691886592,0.25725199809090693,-0.9098642168627662,-1.2597809226591263,0.473210954347872,1.5099758611528125,-0.845183306097401,-0.4437051693620397,-1.2566957725410162,0.6004639009523468,-0.7535137663088051,-0.6716190108269353,-1.2774387032448726,-0.9886077413434229
Co,0.07980123676364759,-0.5071708259799452,0.0,0.10660035817780616,0.15162962553663667,0.17951081248883885,0.24342880987326723,0.3001163704707772,-0.5562442777081413,-1.9514576767477174,-1.7505870803034447,-1.651577969764004,-1.303088468164761,-1.2311556002220554,-1.0793356029061256,-0.8245136498890756,-0.6531778571342114,-0.5871578762846312,-0.4754210022838488,-0.3103190509961628,-0.10660035817780522,0.8411497060590238,0.09280595954715137,0.12729863619369175,0.13456592935639475,-0.9414608229833036,-0.26786929995562364,-0.1960006711186765,Co,-1.2139503716814137,-0.9775453908779228,-1.0090456467599092,-0.9494187383749882,-1.2199769150038513,-0.7607756377645544,-1.5895601762545954,-1.5895601762545954,-1.4244094020585134,-0.7963995115501855,0.011627001897675841,0.7850662490671021,-0.5597442694236033,1.2775314212326512,0.7812073407013307,0.36062638385960616,0.3487028275981081,0.314673143769112,-1.1909175421473155,-1.2199769150038513,0.6169298982050342,1.4032691984373646,-0.8801485390631304,-0.5562509870633727,-1.2566957725410162,0.7255393621160025,-0.8859642032591202,-0.8144345476119731,-1.2774387032448726,-1.062980066838983
Ni,0.07980123676364759,-0.940379239837815,0.0,0.10660035817780616,0.15162962553663667,0.17951081248883885,0.24342880987326723,0.3001163704707772,-0.23207542712326443,-1.9514576767477174,-1.7505870803034447,-1.651577969764004,-1.303088468164761,-1.2311556002220554,-1.0793356029061256,-0.8245136498890756,-0.6531778571342114,-0.5871578762846312,-0.4754210022838488,-0.3103190509961628,-0.10660035817780522,0.6625853685821058,0.22389336248895678,0.2146710736506422,0.2888652497135113,-0.7737687036267145,-0.26786929995562364,-0.4933809997125304,Ni,-1.1795896020744776,-0.9775453908779228,-1.1903113318065994,-0.9581218047659589,-1.2230676412379184,-0.8088488967414992,-1.6281587677309763,-1.6281587677309763,-1.518422608948024,-0.8718257028181241,0.7413995559232854,0.8976677849553114,-0.4718108376118746,1.3837108366732198,0.8489075520450314,0.30436070700689133,0.5643952982773504,0.332104562992853,-0.4024068239878862,-1.2230676412379184,0.7606488420621963,1.4032691984373646,-0.8891139834133174,-0.06725881360241237,-1.2566957725410162,0.8506148232796581,-0.9853020309718566,-0.8144345476119731,-1.3119257688280357,-1.1336337760597657
Cu,0.07980123676364759,-0.940379239837815,0.0,0.10660035817780616,0.15162962553663667,0.17951081248883885,0.24342880987326723,-1.7314405988698687,0.4162622740464894,-1.9514576767477174,-1.7505870803034447,-1.651577969764004,-1.303088468164761,-1.2311556002220554,-1.0793356029061256,-0.8245136498890756,-0.6531778571342114,-0.5871578762846312,-0.4754210022838488,-0.3103190509961628,-0.10660035817780522,0.7266422847957493,0.48058938078772184,0.3003343881460759,0.39285876425556804,-1.220947688577619,-2.3826269311842347,-0.4933809997125304,Cu,-1.1452288324675415,-0.9775453908779228,-1.7341083869466698,-0.9146064728111055,-1.160522047422249,-0.9000466968595267,-1.5509615847782146,-1.5509615847782146,-0.8603301607214503,-0.9032532825130986,0.8581646922692178,0.8267705216182911,-0.384003641931952,0.5873652208689596,0.8263408149304645,-0.09217834890747971,0.7800877689565926,-0.14315795525443437,-0.33214349266674903,-1.160522047422249,0.9043677859193585,0.17895064728117027,-0.8424936727923449,-0.6998439268892092,-1.2566957725410162,1.0590739252190842,-1.0184146402094354,-0.8858423160044919,-1.1739775064953804,0.09536890275436771
Zn,0.07980123676364759,-0.940379239837815,0.0,0.10660035817780616,0.15162962553663667,0.17951081248883885,0.24342880987326723,0.3001163704707772,0.4162622740464894,-1.9514576767477174,-1.7505870803034447,-1.651577969764004,-1.303088468164761,-1.2311556002220554,-1.0793356029061256,-0.8245136498890756,-0.6531778571342114,-0.5871578762846312,-0.4754210022838488,-0.3103190509961628,-0.10660035817780522,1.961702905691117,0.19917958691428483,0.4496133309333721,0.4855651778290355,-0.5874441265638377,-0.26786929995562364,-0.1960006711186765,Zn,-1.1108680628606054,-0.9775453908779228,-1.5075262806383058,-0.7318420786007217,-1.1368834579943263,-0.8915631805694776,-1.3193700359199292,-1.3193700359199292,-0.6252971434976741,-1.0016844621177585,0.0,0.17409865619219136,-0.2958553872292633,0.21573726682697086,0.26217238706629165,-1.1092474409689341,0.9957802396358347,-1.2044237726998326,-1.0738119899454197,-1.1368834579943263,1.1199462017051016,-0.31526968529564225,-0.6587020636135116,-0.331159351660708,-1.2566957725410162,1.225841206770625,-0.8528515940215414,-0.8501384318082326,-1.0705163097458883,-1.2656446538143844
Ga,-0.9234143111222073,-0.0739624121220754,0.0,0.10660035817780616,0.15162962553663667,0.17951081248883885,0.24342880987326723,0.3001163704707772,0.4162622740464894,-1.5396392701438826,-1.7505870803034447,-1.651577969764004,-1.303088468164761,-1.2311556002220554,-1.0793356029061256,-0.8245136498890756,-0.6531778571342114,-0.5871578762846312,-0.4754210022838488,-0.3103190509961628,-0.10660035817780522,-0.5523026036510821,0.5075155111937818,-0.01638370576870928,0.6406254263413379,-1.034623111514742,-0.26786929995562364,0.3987599860690314,Ga,-1.0765072932536692,-1.151331238145109,-1.0090456467599092,-0.5055623524354843,-1.0809061439891636,-0.7643104362187415,-1.0877784870616438,-1.0877784870616438,-0.7663169538319398,-0.8592546709401344,-0.3316572666988245,0.5890561680765168,0.0856324177506878,0.21573726682697086,0.6232401808993626,-0.2759795599596815,1.2114727103150769,-0.4786615064313758,0.37048982054462337,-1.0809061439891636,1.3355246174908448,-0.34335038601023377,-0.42111778833355623,-0.08278237466466473,-1.2566957725410162,1.434300308710051,-1.3164281233476445,-1.1000656211820485,-0.4842361948320991,1.7464345287558052
Ge,-0.9234143111222073,0.7924544155936641,0.0,0.10660035817780616,0.15162962553663667,0.17951081248883885,0.24342880987326723,0.3001163704707772,0.4162622740464894,-1.1278208635400477,-1.7505870803034447,-1.651577969764004,-1.303088468164761,-1.2311556002220554,-1.0793356029061256,-0.8245136498890756,-0.6531778571342114,-0.5871578762846312,-0.4754210022838488,-0.3103190509961628,-0.10660035817780522,0.8547938840113999,-0.04618122554637915,0.15617763508284155,-0.10024381719801756,-1.3700073502279202,-0.26786929995562364,-0.7907613283063843,Ge,-1.042146523646733,-1.3251170854122953,-0.9637292254982366,-0.34890715739801254,-1.043437561946104,-0.828643768084947,-1.2035742614907865,-1.2035742614907865,-1.0483565745004713,-0.9849649897200321,0.8547829374342873,1.177086411048274,0.46681902774949546,0.6935446363095272,1.0745749231907002,0.03321373093571318,1.427165180994319,0.034232369787163756,1.2682990540924886,-1.043437561946104,1.551103033276588,-0.16363390143684756,-0.5959439531622027,-1.1725363612348036,-1.2566957725410162,1.5593757698737065,-0.5217255016457535,-1.207177273770827,-0.5532103259984272,1.5549257906047373
Rb,-1.9266298590080622,-1.8067960675535546,0.0,0.10660035817780616,0.15162962553663667,0.17951081248883885,0.24342880987326723,0.3001163704707772,0.4162622740464894,0.5194527628752919,-0.5655742874826514,-1.651577969764004,-1.303088468164761,-1.2311556002220554,-1.0793356029061256,-0.8245136498890756,-0.6531778571342114,-0.5871578762846312,-0.4754210022838488,-0.3103190509961628,-0.10660035817780522,-1.9016684083606716,1.3264083409258316,0.42494498952214166,0.17388055070766006,2.3192192756170398,-0.26786929995562364,-1.3855219854940923,Rb,-0.8703426756120525,2.4981715544658027,-0.6918306979282014,3.332489925982577,-0.877970013768467,2.207748104061783,2.231700379907114,2.231700379907114,3.229244338972257,2.532409729741506,-0.2490052866423117,-2.002030285528822,-1.413505804840201,-1.9078510419843895,-1.610866793442762,-1.318234240707589,-1.3768369378358294,-1.4582047290454716,1.2136497963982704,-0.877970013768467,-1.5029245236881075,-1.483426835022653,3.546091336624188,1.8693054289136102,-0.4610898158244014,-1.5675107592176838,2.5246345482114956,2.077580072285042,2.240241986237862,1.2462806397981618
Sr,-1.9266298590080622,-0.940379239837815,0.0,0.10660035817780616,0.15162962553663667,0.17951081248883885,0.24342880987326723,0.3001163704707772,0.4162622740464894,0.5194527628752919,0.6194385053381419,-1.651577969764004,-1.303088468164761,-1.2311556002220554,-1.0793356029061256,-0.8245136498890756,-0.6531778571342114,-0.5871578762846312,-0.4754210022838488,-0.3103190509961628,-0.10660035817780522,-0.7777440785521064,-0.6390194898597779,0.613286714468985,0.34635759921643694,1.0522121515894778,-0.26786929995562364,-0.4933809997125304,Sr,-0.8359819060051163,1.2816706235954989,1.0755097312770276,1.4004091871870907,-0.8502301161857104,1.1967957461642686,1.2667355929975912,1.2667355929975912,1.1139471839582704,0.9912012214999597,-0.8962684323209263,-1.368959428201781,-1.1073898292230107,-1.5893127956626856,-1.3174992109533923,-0.9527752729594797,-1.1611444671565874,-1.0321603356652174,1.5961946002577956,-0.8502301161857104,-1.3592055798309455,-1.2756296497346753,1.561141957492788,0.21216528551813563,-0.4610898158244014,-1.3173598368903727,0.7365536493822415,0.7565363570234425,1.3780653466587605,0.36682789081316297
Y,0.07980123676364759,-0.0739624121220754,0.0,0.10660035817780616,0.15162962553663667,0.17951081248883885,0.24342880987326723,0.3001163704707772,0.4162622740464894,0.5194527628752919,0.6194385053381419,-1.421611417012054,-1.303088468164761,-1.2311556002220554,-1.0793356029061256,-0.8245136498890756,-0.6531778571342114,-0.5871578762846312,-0.4754210022838488,-0.3103190509961628,-0.10660035817780522,-0.3908991985957842,-0.49476995370886356,-0.5447279943587882,0.5292847277230984,0.00879452003736794,-0.26786929995562364,-0.1960006711186765,Y,-0.8016211363981802,0.5865272345267537,0.848927624968665,0.1906829588421686,-0.83365680984438,0.7514111409366925,0.4175665805172114,0.4175665805172114,-0.15523110905012147,0.5487008993947199,-0.5134561498703389,-0.9786074371226571,-1.0367330301165671,-0.7398774721381409,-0.7081973088600855,0.2422005306743682,-0.9454519964773451,0.3044193677551468,-0.30091534541291026,-0.83365680984438,-1.2154866359737833,-0.6129251128703131,0.3032901151615527,0.1112621386134939,-0.4610898158244014,-1.1505925553388319,0.17363929234340117,0.4352013992571075,0.3779404447470025,-0.18352731785398316
Zr,0.07980123676364759,0.7924544155936641,0.0,0.10660035817780616,0.15162962553663667,0.17951081248883885,0.24342880987326723,0.3001163704707772,0.4162622740464894,0.5194527628752919,0.6194385053381419,-1.191644864260104,-1.303088468164761,-1.2311556002220554,-1.0793356029061256,-0.8245136498890756,-0.6531778571342114,-0.5871578762846312,-0.4754210022838488,-0.3103190509961628,-0.10660035817780522,-0.08219939472631348,-0.3852038724516111,-0.40770864236605897,-0.5778167004799891,-0.6619739573889885,-0.26786929995562364,-0.1960006711186765,Zr,-0.7672603667912441,-0.28240200180917774,0.6223455186603023,-0.30539182544315924,-0.8037778390329113,-0.1252188757017115,0.07017925722978326,0.07017925722978326,-0.29625091938438725,-0.0798506945047686,-0.33756942550115016,-0.4877481491951692,-0.9660828750170636,-0.47442893353672083,-0.45996320059984924,1.313927708821317,-0.7297595257981029,1.2544317154490228,-0.6288108915782173,-0.8037778390329113,-0.06573508511648606,-0.03446267814972615,-0.22567110149947978,-0.34280202245739794,-0.4610898158244014,0.10016205629772436,-0.12437419079480797,-0.38598793725685976,-0.2083396701667866,-0.5944344162169539
Nb,0.07980123676364759,1.6588712433094037,0.0,0.10660035817780616,0.15162962553663667,0.17951081248883885,0.24342880987326723,0.3001163704707772,0.4162622740464894,0.5194527628752919,-0.5655742874826514,-0.7317117587562043,-1.303088468164761,-1.2311556002220554,-1.0793356029061256,-0.8245136498890756,-0.6531778571342114,-0.5871578762846312,-0.4754210022838488,-0.3103190509961628,-0.10660035817780522,0.010161878051547238,-0.24135608262798997,-0.3108583412134227,-0.4428517190704153,0.0,0.0,-1.3855219854940923,Nb,-0.732899597184308,-0.6299736963435503,-0.19335006404980343,-0.5925930163451909,-0.7820936221867532,-0.2807500076859445,-0.20001088310488305,-0.20001088310488305,-0.3902641262738977,-0.2558451407966254,0.38874815160276255,-0.26588141922284664,-0.8954460079314293,0.16264755910668705,0.1493387014934575,1.9194535644743431,-0.5140670551188606,1.8850389403078829,-0.5741616338839997,-0.7820936221867532,0.07798385874067609,0.8697358848601239,-0.5062895096603327,-0.6377496826401983,-0.4610898158244014,0.22523751746138,-0.289937236982701,-0.24317240047182195,-0.5876973915815903,-0.5182027825840042
Mo,0.07980123676364759,2.5252880710251433,0.0,0.10660035817780616,0.15162962553663667,0.17951081248883885,0.24342880987326723,0.3001163704707772,0.4162622740464894,0.5194527628752919,-0.5655742874826514,-0.5017452060042543,-1.303088468164761,-1.2311556002220554,-1.0793356029061256,-0.8245136498890756,-0.6531778571342114,-0.5871578762846312,-0.4754210022838488,-0.3103190509961628,-0.10660035817780522,0.25718629494997025,-0.01893597063180259,-0.20261388698400556,-0.3279092938509632,-1.146417857752468,-0.26786929995562364,-1.3855219854940923,Mo,-0.6985388275773718,-0.6299736963435503,-0.5105650128815112,-0.7144359458187802,-0.7428640038985804,-0.358515573678061,-0.5473982063923112,-0.5473982063923112,-0.5782905400529188,-0.39412649145451284,0.13835935808606667,-0.11157561078344896,-0.8248202141906924,0.7997240517500959,1.4130759799092047,1.437176334308216,-0.29837458443961845,1.5055466900310308,-0.691267186085895,-0.7428640038985804,0.22170280259783826,1.5099758611528125,-0.6380815416080814,-0.8473177569806107,-0.4610898158244014,0.3503129786250356,-0.3230498462202807,-0.6359151266306758,-0.7256456539142476,-0.7283046021089621
Tc,0.07980123676364759,3.391704898740883,0.0,0.10660035817780616,0.15162962553663667,0.17951081248883885,0.24342880987326723,0.3001163704707772,0.4162622740464894,0.5194527628752919,0.6194385053381419,-0.5017452060042543,-1.303088468164761,-1.2311556002220554,-1.0793356029061256,-0.8245136498890756,-0.6531778571342114,-0.5871578762846312,-0.4754210022838488,-0.3103190509961628,-0.10660035817780522,0.2771434507609072,-0.12772841671689428,-0.07727820313941719,-0.2995858569634924,-1.2582126039901942,-0.26786929995562364,-0.1960006711186765,Tc,-0.6641780579704357,-0.9775453908779228,-0.1480336427881309,-0.7927635433375162,-0.7176373498014024,-0.4228489055442664,-0.9333841211561202,-0.9333841211561202,-0.6252971434976741,-0.49469474647843104,-0.15429250262905417,-0.015655783915716103,-0.754127980380585,1.4898902521137876,1.2776755572218033,1.4103831548545425,-0.08268211376037626,1.6030600999238398,-1.0113556954377423,-0.7176373498014024,0.3654217464550004,1.7233891865837085,-0.7062189186695026,0.0,-0.4610898158244014,0.4753884397886912,-0.3561624554578595,-0.6716190108269353,-0.8291068506637398,-0.8287072415279679
Ru,0.07980123676364759,0.3592460017357944,0.0,0.10660035817780616,0.15162962553663667,0.17951081248883885,0.24342880987326723,0.3001163704707772,0.4162622740464894,0.5194527628752919,-0.5655742874826514,-0.04181210050035449,-1.303088468164761,-1.2311556002220554,-1.0793356029061256,-0.8245136498890756,-0.6531778571342114,-0.5871578762846312,-0.4754210022838488,-0.3103190509961628,-0.10660035817780522,0.455698901934682,0.05359232675825869,-0.1332131364254319,-0.13049071136665227,-0.922828365277016,-0.26786929995562364,-0.1960006711186765,Ru,-0.6298172883634996,-1.151331238145109,-0.827779961713219,-0.8101696761194574,-0.6768718676548705,-0.5147536653531314,-1.049179895585263,-1.049179895585263,-0.9073367641662056,-0.5826919696243594,0.5847273476616552,0.051071052166185474,-0.6834756106120999,1.5960696675543562,1.5033429283674726,0.0,0.13301035691886592,1.4625833685325167,-1.042583842691581,-0.6768718676548705,0.5091406903121626,1.835711989442075,-0.7456668738103255,-0.8473177569806107,-0.4610898158244014,0.6838475417281172,-0.4555002831705959,-0.6002112424344164,-0.8980809818300679,-0.8937830263365832
Rh,0.07980123676364759,-0.0739624121220754,0.0,0.10660035817780616,0.15162962553663667,0.17951081248883885,0.24342880987326723,0.3001163704707772,0.4162622740464894,0.5194527628752919,-0.5655742874826514,0.18815445225159544,-1.303088468164761,-1.2311556002220554,-1.0793356029061256,-0.8245136498890756,-0.6531778571342114,-0.5871578762846312,-0.4754210022838488,-0.3103190509961628,-0.10660035817780522,0.5285665877156184,0.2131545810163927,0.0009271202512142314,-0.25731207056428235,-0.866930992158153,-0.26786929995562364,-0.4933809997125304,Rh,-0.5954565187565635,-0.9775453908779228,-1.0090456467599092,-0.8101696761194574,-0.6532139445932824,-0.586156594127711,-1.049179895585263,-1.049179895585263,-1.0953631779452266,-0.658118160892298,0.7133168016122385,0.1173808455225754,-0.6128608902162584,1.5960696675543562,1.683876825284007,0.9227472887976806,0.3487028275981081,0.9775797630719624,-0.1838097932110149,-0.6532139445932824,0.6528596341693247,1.4538144597236293,-0.7367014294601384,-0.49027585254879813,-0.4610898158244014,0.8089230028917729,-0.5548381108833322,-0.6716190108269353,-0.8980809818300679,-0.95699950300781
Pd,0.07980123676364759,-0.0739624121220754,0.0,0.10660035817780616,0.15162962553663667,0.17951081248883885,0.24342880987326723,0.3001163704707772,0.4162622740464894,0.5194527628752919,-1.7505870803034447,0.6480875577554953,-1.303088468164761,-1.2311556002220554,-1.0793356029061256,-0.8245136498890756,-0.6531778571342114,-0.5871578762846312,-0.4754210022838488,-0.3103190509961628,-0.10660035817780522,1.1787025957118538,0.37634325014403036,0.09777742140385068,-0.08821692496744225,-0.5967603554169816,-0.26786929995562364,-0.4933809997125304,Pd,-0.5610957491496273,-0.8037595436107365,-1.824741229470015,-0.7579512777736336,-0.6079152409158374,-0.6427133693947048,-1.2421728529671674,-1.2421728529671674,-0.7663169538319398,-1.1591994915489703,-0.13655602622207713,0.1770179552707744,-0.542219593792668,1.64915937527464,1.5033429283674726,0.27113716448433567,0.5643952982773504,0.05781605461928384,-0.11354646188987742,-0.6079152409158374,0.7965785780264868,1.0101393884330818,-0.6829087633590164,-0.10218682599248087,-0.4610898158244014,0.9339984640554285,-0.5548381108833322,-1.7070316525184592,-0.7946197850805757,-1.0127787471294802
Ag,0.07980123676364759,-1.8067960675535546,0.0,0.10660035817780616,0.15162962553663667,0.17951081248883885,0.24342880987326723,0.3001163704707772,0.4162622740464894,0.5194527628752919,-0.5655742874826514,0.6480875577554953,-1.303088468164761,-1.2311556002220554,-1.0793356029061256,-0.8245136498890756,-0.6531778571342114,-0.5871578762846312,-0.4754210022838488,-0.3103190509961628,-0.10660035817780522,0.6154553788072895,0.6246801404075997,0.19462772255648694,0.03860443423018785,0.9404174053517518,-0.26786929995562364,-0.4933809997125304,Ag,-0.5267349795426912,-0.10861615454199143,-1.3715770168532895,-0.6361083483000443,-0.589249262066591,-0.8456108006650451,-0.9333841211561202,-0.9333841211561202,0.26782832195267586,-0.7963995115501855,0.9571933522081724,0.8643043669143606,-0.47159601472091023,0.48118580542839096,0.8940410262741654,-0.36278946138958446,0.7800877689565926,-0.41231957562102095,0.04259427437931626,-0.589249262066591,0.940297521883649,-0.19171460215143907,-0.5618752646314921,-0.34668291272296037,-0.4610898158244014,1.0173821048311988,-0.5217255016457535,-0.3502840530606003,-0.5876973915815903,-0.5498110209196171
Cd,0.07980123676364759,-0.940379239837815,0.0,0.10660035817780616,0.15162962553663667,0.17951081248883885,0.24342880987326723,0.3001163704707772,0.4162622740464894,0.5194527628752919,0.6194385053381419,0.6480875577554953,-1.303088468164761,-1.2311556002220554,-1.0793356029061256,-0.8245136498890756,-0.6531778571342114,-0.5871578762846312,-0.4754210022838488,-0.3103190509961628,-0.10660035817780522,1.665213622866787,0.07152047570961201,0.33280772441490114,0.12315200702860792,0.19511909710024472,-0.26786929995562364,-0.1960006711186765,Cd,-0.4923742099357551,-0.28240200180917774,-0.7824635404515464,-0.39242248935286583,-0.5306580407899001,-0.80036538045145,-0.624595389345073,-0.624595389345073,0.5028613391764521,-0.9095387984520934,0.0,0.007281565987437423,-0.40094585962140417,0.16264755910668705,0.3524393355245594,-1.4077234600828594,0.9957802396358347,-1.2997838896297091,-0.8239868119147097,-0.5306580407899001,1.1558759376693921,-0.5342991508694568,-0.3153255450013497,-0.08666326493022851,-0.4610898158244014,1.1841493863827397,-0.289937236982701,-0.49309958984563806,-0.34628793249944284,-1.1076034621363189
In,-0.9234143111222073,-0.0739624121220754,0.0,0.10660035817780616,0.15162962553663667,0.17951081248883885,0.24342880987326723,0.3001163704707772,0.4162622740464894,0.5194527628752919,0.6194385053381419,0.6480875577554953,-0.9555982099874913,-1.2311556002220554,-1.0793356029061256,-0.8245136498890756,-0.6531778571342114,-0.5871578762846312,-0.4754210022838488,-0.3103190509961628,-0.10660035817780522,-0.7099946441982821,0.30869973358318986,-0.15526859136973684,0.31127035650509266,-0.3638546340883856,-0.26786929995562364,1.2909009718505933,In,-0.45801344032881897,-0.28240200180917774,-0.41993217035816616,-0.16614276318762866,-0.49967267056922066,-0.6321089740321435,-0.39300384048678755,-0.39300384048678755,0.12680851161841009,-0.6706891927702878,-0.5238024277744089,0.34008166094592124,-0.09480330797646795,0.003378435945835069,0.5555399695556618,-0.518189902220892,1.2114727103150769,-0.6271361831135918,0.43294611505230096,-0.49967267056922066,1.3714543534551356,-0.7083994952999246,-0.0687758253712074,0.19276083419031947,-0.4610898158244014,1.3509166679342806,-1.1177524679221718,-0.7073228950231948,0.13653098566485405,1.8951791797469255
Sn,-0.9234143111222073,-0.0739624121220754,0.0,0.10660035817780616,0.15162962553663667,0.17951081248883885,0.24342880987326723,0.3001163704707772,0.4162622740464894,0.5194527628752919,0.6194385053381419,0.6480875577554953,-0.6081079518102218,-1.2311556002220554,-1.0793356029061256,-0.8245136498890756,-0.6531778571342114,-0.5871578762846312,-0.4754210022838488,-0.3103190509961628,-0.10660035817780522,0.4434195120401752,-0.2035120258548126,-0.027765428860315404,-0.3105770414272869,-0.7737687036267145,-0.26786929995562364,1.2909009718505933,Sn,-0.42365267072188284,-0.6299736963435503,-0.3292993278348211,-0.11392436484180456,-0.44950833575271293,-0.5812078762918491,-0.4702010234395494,-0.4702010234395494,-0.15523110905012147,-0.821541575306165,0.6764648377576419,0.75587325828127,0.2113082383027624,0.2688269745472556,0.9617412376178661,-0.13826261756779862,1.427165180994319,-0.32875130110720446,1.3932116431078436,-0.44950833575271293,1.5870327692408788,-0.5399152910123751,-0.019465881445178863,0.2897830908293988,-0.4610898158244014,1.5176839494858214,-0.3230498462202807,-0.7430267792194541,-0.03590434225096627,1.7631683019923048
Sb,-0.9234143111222073,0.7924544155936641,0.0,0.10660035817780616,0.15162962553663667,0.17951081248883885,0.24342880987326723,0.3001163704707772,0.4162622740464894,0.5194527628752919,0.6194385053381419,0.6480875577554953,-0.2606176936329522,-1.2311556002220554,-1.0793356029061256,-0.8245136498890756,-0.6531778571342114,-0.5871578762846312,-0.4754210022838488,-0.3103190509961628,-0.10660035817780522,1.3797922306083314,0.037394340341145,-0.2961754212258439,-0.1810501599001074,-0.8110336190392898,-0.26786929995562364,0.6961403146628854,Sb,-0.3892919011149467,-0.6299736963435503,-0.41993217035816616,0.06884002936857915,-0.4101966139669089,-0.7303763710585452,-0.4702010234395494,-0.4702010234395494,-0.014211298715855681,-0.9472518940860628,0.5788151888593295,1.1520638475175606,0.5174950833272771,0.5342755131486757,1.1648418716489681,-0.6784131153538608,1.6428576516735613,-0.5174207797641642,0.37048982054462337,-0.4101966139669089,1.802611185026622,-0.4837538895831918,0.03880950683103647,-0.3932535959097188,-0.4610898158244014,1.7261430514252474,-0.6872885478336475,-0.564507358238157,-0.27731380133311473,1.8152289298391981
Cs,-1.9266298590080622,-1.8067960675535546,0.0,0.10660035817780616,0.15162962553663667,0.17951081248883885,0.24342880987326723,0.3001163704707772,0.4162622740464894,0.5194527628752919,0.6194385053381419,0.6480875577554953,0.7818530808988566,-0.19932995432166603,-1.0793356029061256,-0.8245136498890756,-0.6531778571342114,-0.5871578762846312,-0.4754210022838488,-0.3103190509961628,-0.10660035817780522,-2.1114017300127252,0.8269192536550026,0.11150219670088207,-0.21503828416507234,2.8781930068056703,-0.26786929995562364,-1.3855219854940923,Cs,-0.2518488226872022,3.367100790801734,-0.28398290657314723,4.559622287109441,-0.26654189048213445,3.6216674857366282,3.0808693923874935,3.0808693923874935,3.558290563085544,3.551920415046476,-0.27013238612242235,-2.1183852059466375,-0.31665777294913366,-2.0671201651452416,-1.6785670047864627,-1.3584240098880997,-1.3768369378358294,-1.480763036276195,1.5727734898174164,-0.26654189048213445,-1.466994787723817,-1.5115075357372447,4.725943813108797,2.315607809453376,0.3345161408922133,-1.6092025796055691,3.8491389177146473,3.041584945584047,2.895496232317979,1.9955818191659305
Ba,-1.9266298590080622,-0.940379239837815,0.0,0.10660035817780616,0.15162962553663667,0.17951081248883885,0.24342880987326723,0.3001163704707772,0.4162622740464894,0.5194527628752919,0.6194385053381419,0.6480875577554953,0.7818530808988566,0.8324956915787232,-1.0793356029061256,-0.8245136498890756,-0.6531778571342114,-0.5871578762846312,-0.4754210022838488,-0.3103190509961628,-0.10660035817780522,-1.1355679956481737,-0.7630973350600726,0.2486877997453224,-0.04594313856823221,1.685715713603259,-0.26786929995562364,-1.3855219854940923,Ba,-0.2174880530802661,1.8030281653970577,1.7099396289404432,1.8616717059085355,-0.209552163789988,2.829872631998715,1.691320099237781,1.691320099237781,1.3019735977372915,1.9315144059735945,-0.7534602364507498,-1.570808107349533,-0.21774844167741675,-1.6742563280151401,-1.4528996336407936,-0.9634925447409493,-1.1611444671565874,-0.95474432675978,0.7686486980310676,-0.209552163789988,-1.3232758438666548,-1.309326490592185,1.9350009868955858,0.7089192395102222,0.3345161408922133,-1.3590516572782578,1.3656932248962377,1.4349101567523719,1.619474805740909,0.48210499533128115
La,0.07980123676364759,-0.0739624121220754,0.0,0.10660035817780616,0.15162962553663667,0.17951081248883885,0.24342880987326723,0.3001163704707772,0.4162622740464894,0.5194527628752919,0.6194385053381419,0.6480875577554953,0.7818530808988566,0.8324956915787232,-1.0793356029061256,-0.611110116976609,-0.6531778571342114,-0.5871578762846312,-0.4754210022838488,-0.3103190509961628,-0.10660035817780522,-0.865101955370992,-0.6203212717108852,-0.6144969832281615,0.0787645313094375,0.5006914034833627,-0.26786929995562364,-0.1960006711186765,La,-0.18312728347333,1.1078847763283126,1.3020918375853905,0.42566575139837637,-0.1892071233023689,1.55027559158298,1.0737426356156867,1.0737426356156867,0.26782832195267586,1.2149655889281779,-0.27253567867556777,0.0,-0.11889890646813311,-0.7717312967703116,-0.9789981542348882,0.4297527868500842,-0.9454519964773451,0.3367187621991372,-0.22284497727831323,-0.1892071233023689,-1.1795569000094928,-0.6859349347282514,0.5408743904415082,0.33635377401615724,0.3345161408922133,-0.566907069908439,0.5378779939567688,1.2563907357710746,0.619349903829151,0.14557022246387066
Ce,1.0830167846495025,0.3592460017357944,0.0,0.10660035817780616,0.15162962553663667,0.17951081248883885,0.24342880987326723,0.3001163704707772,0.4162622740464894,0.5194527628752919,0.6194385053381419,0.6480875577554953,0.7818530808988566,0.8324956915787232,-0.9295224592850861,-0.611110116976609,-0.6531778571342114,-0.5871578762846312,-0.4754210022838488,-0.3103190509961628,-0.10660035817780522,-0.8934640729056454,-0.6479980699949326,-0.5616643670753249,-0.47265473848185835,0.15785418168766935,-0.26786929995562364,-0.4933809997125304,Ce,-0.14876651386639386,0.76031308179394,1.2114589950620454,0.2951197555338165,-0.17360449426191993,1.3735356688736244,0.4175665805172114,0.4175665805172114,0.17381511506316535,1.08925527014828,-0.0064885325709123295,0.0,-0.019947496485817444,-0.7611133552262546,-0.9338646800057544,0.4083182432871453,0.0,0.280835682923027,0.8779472134195038,-0.17360449426191993,-1.1076974280809115,-0.6578542340136598,0.4574957579847692,0.27037863950158403,0.3345161408922133,-0.6085988902963242,0.5047653847191891,0.8993518938084802,0.4814016414964947,0.2087866991350975
Pr,1.0830167846495025,-0.0739624121220754,0.0,0.10660035817780616,0.15162962553663667,0.17951081248883885,0.24342880987326723,0.3001163704707772,0.4162622740464894,0.5194527628752919,0.6194385053381419,0.6480875577554953,0.7818530808988566,0.8324956915787232,-0.6298961720430071,-0.8245136498890756,-0.6531778571342114,-0.5871578762846312,-0.4754210022838488,-0.3103190509961628,-0.10660035817780522,-0.94411600082654,-0.6872842310812156,-0.48779400101435944,-0.3849366317034974,0.34417875875054615,-0.26786929995562364,-0.1960006711186765,Pr,-0.11440574425945774,0.76031308179394,1.3927246801087354,0.2777136227518752,-0.16340071797701872,1.5714843823081026,0.9193482697101631,0.9193482697101631,0.22082171850792062,1.2275366208061675,0.45465985401049025,0.0,0.079048206876081,-0.750495413682198,-0.9112979428911879,0.049289638607917415,0.0,-0.04318363911827364,-0.28530127178599085,-0.16340071797701872,-1.0358379561523305,-0.6353896734419865,0.383082569878217,0.3712817864062258,0.3345161408922133,-0.6502907106842094,0.4385401662440315,1.042167430593518,0.44691457591333067,0.30175210600454777
Nd,1.0830167846495025,-0.0739624121220754,0.0,0.10660035817780616,0.15162962553663667,0.17951081248883885,0.24342880987326723,0.3001163704707772,0.4162622740464894,0.5194527628752919,0.6194385053381419,0.6480875577554953,0.7818530808988566,0.8324956915787232,-0.48008302842196754,-0.8245136498890756,-0.6531778571342114,-0.5871578762846312,-0.4754210022838488,-0.3103190509961628,-0.10660035817780522,-0.9035352164688638,-0.6689103957424003,-0.46364357565207365,-0.31649537152317636,0.787631252160193,1.8468883312729871,-0.1960006711186765,Nd,-0.08004497465252161,0.76031308179394,1.3020918375853905,0.26030748996993397,-0.12042411259364914,1.4300924441406182,0.8421510867574014,0.8421510867574014,0.17381511506316535,1.1269683657822493,1.8647097283651637,0.0,0.17780029665029018,-0.750495413682198,-0.888731205776621,-0.17577306880294183,0.0,-0.19699027932775168,-0.29310830859945036,-0.12042411259364914,-0.9639784842237494,-0.6353896734419865,0.3642551367428242,0.4683040430453051,0.3345161408922133,-0.6919825310720945,0.4054275570064527,1.1492790831822963,0.44691457591333067,0.24411355374548818
Pm,1.0830167846495025,-0.0739624121220754,0.0,0.10660035817780616,0.15162962553663667,0.17951081248883885,0.24342880987326723,0.3001163704707772,0.4162622740464894,0.5194527628752919,0.6194385053381419,0.6480875577554953,0.7818530808988566,0.8324956915787232,-0.330269884800928,-0.8245136498890756,-0.6531778571342114,-0.5871578762846312,-0.4754210022838488,-0.3103190509961628,-0.10660035817780522,-0.861421544818845,-0.6501739189166343,-0.4455165139390133,-0.2923993132756266,0.2696489279253954,-0.26786929995562364,1.5882813004444472,Pm,-0.045684205045585485,0.76031308179394,1.256775416323718,0.0,-0.1117786271821587,1.2745613121563852,0.8035524952810204,0.8035524952810204,0.07980190817365483,1.0264001107583312,0.0,0.0,0.27666754921140585,-0.750495413682198,0.0,0.0,0.0,0.0,0.0,-0.1117786271821587,-0.8921190122951684,-0.6129251128703131,0.33466917038720734,0.0,0.3345161408922133,-0.7336743514599797,0.3723149477688739,0.0,0.41242751033016656,0.19205292589859582
Sm,1.0830167846495025,-0.0739624121220754,0.0,0.10660035817780616,0.15162962553663667,0.17951081248883885,0.24342880987326723,0.3001163704707772,0.4162622740464894,0.5194527628752919,0.6194385053381419,0.6480875577554953,0.7818530808988566,0.8324956915787232,-0.18045674117988847,-0.8245136498890756,-0.6531778571342114,-0.5871578762846312,-0.4754210022838488,-0.3103190509961628,-0.10660035817780522,-0.8156185763135352,-0.6332506495256203,-0.388027832506165,-0.27253063366799796,0.22493102943030488,-0.26786929995562364,0.6961403146628854,Sm,-0.011323435438649361,0.76031308179394,1.1208261525387002,0.19938602523313906,-0.04156866541805928,1.1260997770805266,0.7649539038046395,0.7649539038046395,0.03279530472889958,0.9258318557344131,0.0,0.0,0.3755480897863953,-0.7398774721381409,-0.8210309944329202,-0.8402439192540501,0.0,-0.8132422177670603,3.875849349788026,-0.04156866541805928,-0.8202595403665873,-0.6129251128703131,0.3131521039467587,1.279410108548008,0.3345161408922133,-0.7753661718478649,0.30608972929371636,0.9707596622009992,0.3779404447470025,0.14185160618909287
Eu,1.0830167846495025,-0.5071708259799452,0.0,0.10660035817780616,0.15162962553663667,0.17951081248883885,0.24342880987326723,0.3001163704707772,0.4162622740464894,0.5194527628752919,0.6194385053381419,0.6480875577554953,0.7818530808988566,0.8324956915787232,-0.030643597558848934,-0.8245136498890756,-0.6531778571342114,-0.5871578762846312,-0.4754210022838488,-0.3103190509961628,-0.10660035817780522,-0.7958739512527928,-0.6136680092303036,-0.32121666219231426,-0.21757471134902504,0.5994434293266871,-0.26786929995562364,-1.3855219854940923,Eu,0.023037334168286766,0.76031308179394,1.1208261525387002,0.9826620004204986,-0.020894566485459665,0.9917774358214162,0.6105595378991159,0.6105595378991159,0.03279530472889958,0.8252636007104949,0.3098119633535114,0.0,0.4744773530789233,-0.7398774721381409,0.0,-0.7812989244559679,0.0,-0.9634600363716505,0.4485601886792207,-0.020894566485459665,-0.7484000684380062,-0.6129251128703131,0.3095659262066836,0.549802738622132,0.3345161408922133,-1.192284375726717,0.27297712005613756,0.8636480096122209,1.1711429531597761,0.09165028647958992
Gd,1.0830167846495025,-0.0739624121220754,0.0,0.10660035817780616,0.15162962553663667,0.17951081248883885,0.24342880987326723,0.3001163704707772,0.4162622740464894,0.5194527628752919,0.6194385053381419,0.6480875577554953,0.7818530808988566,0.8324956915787232,-0.030643597558848934,-0.611110116976609,-0.6531778571342114,-0.5871578762846312,-0.4754210022838488,-0.3103190509961628,-0.10660035817780522,-0.4408550327703975,-0.5126119148668185,-0.5439205632384836,-0.15416403175020998,0.1504011986051542,-0.26786929995562364,-0.1960006711186765,Gd,0.05739810377522289,0.5865272345267537,0.9848768887536826,0.19938602523313906,0.047237158550527014,0.5676016213189626,0.6491581293754968,0.6491581293754968,0.07980190817365483,0.49841677188276085,0.0,0.0,0.573362322991871,-0.7398774721381409,-0.7533307830892194,0.4083182432871453,0.0,0.1649680139652201,-0.3087223822263698,0.047237158550527014,-0.6765405965094252,-0.6129251128703131,0.3032901151615527,4.186196917454826,0.3345161408922133,-0.8170579922357502,0.23986451081855875,0.7208324728271831,0.3779404447470025,-0.14076323069403582
Tb,1.0830167846495025,-0.0739624121220754,0.0,0.10660035817780616,0.15162962553663667,0.17951081248883885,0.24342880987326723,0.3001163704707772,0.4162622740464894,0.5194527628752919,0.6194385053381419,0.6480875577554953,0.7818530808988566,0.8324956915787232,0.26898268968323014,-0.8245136498890756,-0.6531778571342114,-0.5871578762846312,-0.4754210022838488,-0.3103190509961628,-0.10660035817780522,-0.6526452577027939,-0.5806676339178258,-0.4776273089735773,-0.3701830802501732,0.09450382548629115,-0.26786929995562364,-0.1960006711186765,Tb,0.09175887338215902,0.41274138725956744,0.93956046749201,0.1384645604963445,0.06883089399113256,0.7443415440283183,0.6105595378991159,0.6105595378991159,0.07980190817365483,0.6492691544186381,0.7547019132285183,0.0,0.6722029995252389,-0.7292595305940843,0.0,0.36009052027053257,0.0,0.11985139950377315,-0.3399505294802086,0.06883089399113256,-0.6046811245808441,-0.5848444121557216,0.2512905379304683,1.0349140218175286,0.3345161408922133,-0.8587498126236354,0.20675190158097997,0.5780169360421453,0.34345337916383845,0.01355934470925188
Dy,1.0830167846495025,-0.0739624121220754,0.0,0.10660035817780616,0.15162962553663667,0.17951081248883885,0.24342880987326723,0.3001163704707772,0.4162622740464894,0.5194527628752919,0.6194385053381419,0.6480875577554953,0.7818530808988566,0.8324956915787232,0.41879583330426967,-0.8245136498890756,-0.6531778571342114,-0.5871578762846312,-0.4754210022838488,-0.3103190509961628,-0.10660035817780522,-0.596912585959308,-0.5644696475007122,-0.42221029173650726,-0.2898628860916742,0.05351241853245847,-0.26786929995562364,-0.1960006711186765,Dy,0.12611964298909514,0.41274138725956744,0.8942440462303375,0.12105842771440324,0.11490487637855008,0.6312279934943307,0.571960946422735,0.571960946422735,-0.014211298715855681,0.5612719312727097,-0.44694436334417514,0.0,0.7711322628177644,-0.7292595305940843,-0.7081973088600855,-0.16505579702147236,0.0,-0.3841216915826166,-0.34775756629366844,0.11490487637855008,-0.532821652652263,-0.5848444121557216,0.2226011160098699,0.7438472519002907,0.3345161408922133,-0.9004416330115206,0.1405266831058224,0.8636480096122209,1.0331946908271197,-0.029204742450695466
Ho,1.0830167846495025,-0.0739624121220754,0.0,0.10660035817780616,0.15162962553663667,0.17951081248883885,0.24342880987326723,0.3001163704707772,0.4162622740464894,0.5194527628752919,0.6194385053381419,0.6480875577554953,0.7818530808988566,0.8324956915787232,0.5686089769253092,-0.8245136498890756,-0.6531778571342114,-0.5871578762846312,-0.4754210022838488,-0.3103190509961628,-0.10660035817780522,-0.5358644238851756,-0.5482716610835985,-0.42738945222595315,-0.23532970163669303,0.012521011578625264,-0.26786929995562364,-0.1960006711186765,Ho,0.16048041259603127,0.41274138725956744,0.8036112037069925,0.0949492285414912,0.1462296163154985,0.5251840398687173,0.5333623549463541,0.5333623549463541,-0.014211298715855681,0.4732747081267813,0.0,0.0,0.8700172327307121,-0.7186415890500273,-0.6856305717455186,-0.11146943811412491,0.0,-0.33182743391139385,-0.35556460310712795,0.1462296163154985,-0.46096218072368195,-0.5848444121557216,0.20108404956942125,0.3518773350784096,0.3345161408922133,-0.9421334533994058,0.10741407386824359,0.6494247044346642,0.23999218241434625,-0.06453159706108721
Er,1.0830167846495025,-0.0739624121220754,0.0,0.10660035817780616,0.15162962553663667,0.17951081248883885,0.24342880987326723,0.3001163704707772,0.4162622740464894,0.5194527628752919,0.6194385053381419,0.6480875577554953,0.7818530808988566,0.8324956915787232,0.7184221205463487,-0.8245136498890756,-0.6531778571342114,-0.5871578762846312,-0.4754210022838488,-0.3103190509961628,-0.10660035817780522,-0.47203114630065557,-0.5319527941708347,-0.43205069666645435,-0.2395570802766141,-0.028470395375207413,-0.26786929995562364,-0.1960006711186765,Er,0.1948411822029674,0.41274138725956744,0.7582947824453199,0.06884002936857915,0.17624405145351407,0.43327928005985233,0.4947637634699732,0.4947637634699732,-0.014211298715855681,0.3978485168588427,0.0,0.0,0.9689243493334524,-0.7186415890500273,-0.6630638346309516,-0.025731263862369007,0.0,-0.250822603401069,-0.37117867673404736,0.17624405145351407,-0.3891027087951009,-0.5623798515840482,0.17329117208384137,0.7283236908380383,0.3345161408922133,-0.983825273787291,0.0743014646306648,0.7208324728271831,0.23999218241434625,-0.09799914353408846
Tm,1.0830167846495025,-0.0739624121220754,0.0,0.10660035817780616,0.15162962553663667,0.17951081248883885,0.24342880987326723,0.3001163704707772,0.4162622740464894,0.5194527628752919,0.6194385053381419,0.6480875577554953,0.7818530808988566,0.8324956915787232,0.8682352641673883,-0.8245136498890756,-0.6531778571342114,-0.5871578762846312,-0.4754210022838488,-0.3103190509961628,-0.10660035817780522,-0.41523137765462514,-0.5139416003189697,-0.38233075596777466,-0.2399798181406064,-0.06573531078778277,-0.26786929995562364,-0.1960006711186765,Tm,0.22920195180990352,0.41274138725956744,0.7129783611836473,0.0427308301956674,0.19783611131253548,0.3413745202509874,0.4561651719935923,0.4561651719935923,-0.1082245056053662,0.32242232559090406,0.5536885139494452,0.0,1.067773884542736,-0.7186415890500273,-0.6404970975163847,-0.48121531457482225,0.0,-0.682506573589004,-0.3867927503609668,0.19783611131253548,-0.31724323686651984,-0.5623798515840482,0.14370520572822446,0.30530665189165257,0.3345161408922133,-1.0255170941751761,0.008076246155507207,0.5780169360421453,0.23999218241434625,-0.12960738186970241
Yb,1.0830167846495025,-0.0739624121220754,0.0,0.10660035817780616,0.15162962553663667,0.17951081248883885,0.24342880987326723,0.3001163704707772,0.4162622740464894,0.5194527628752919,0.6194385053381419,0.6480875577554953,0.7818530808988566,0.8324956915787232,1.0180484077884278,-0.8245136498890756,-0.6531778571342114,-0.5871578762846312,-0.4754210022838488,-0.3103190509961628,-0.10660035817780522,-0.3635738164279329,-0.5001388609231627,-0.31018505034979466,-0.18925127446155424,-0.1104532092828733,-0.26786929995562364,-0.4933809997125304,Yb,0.2635627214168396,0.41274138725956744,0.9848768887536826,0.6258362783907017,0.25082032104455054,0.26360895425887093,0.6877567208518777,0.6877567208518777,-0.2022377124948767,0.2595671662009552,-0.996775131960463,0.0,1.1666721424695574,-0.7186415890500273,0.0,-0.8723957345984585,0.0,-1.0752261949238713,1.1355794282636738,0.25082032104455054,-0.24538376493793873,-0.5623798515840482,0.13025703920294376,0.19276083419031947,0.3345161408922133,-1.2339761961146023,-0.025036363082071588,0.6137208202384047,0.6538369694123151,-0.16493423648009312
Lu,1.0830167846495025,-0.0739624121220754,0.0,0.10660035817780616,0.15162962553663667,0.17951081248883885,0.24342880987326723,0.3001163704707772,0.4162622740464894,0.5194527628752919,0.6194385053381419,0.6480875577554953,0.7818530808988566,0.8324956915787232,1.0180484077884278,-0.611110116976609,-0.6531778571342114,-0.5871578762846312,-0.4754210022838488,-0.3103190509961628,-0.10660035817780522,-0.9769427451657997,-0.26432337680150925,-0.522199164145748,-0.11996453855324889,-0.13653865007167615,-0.26786929995562364,-0.1960006711186765,Lu,0.29792349102377574,0.41274138725956744,0.6676619399219749,0.01662163102275536,0.2755905724963403,0.3413745202509874,0.37896798904083046,0.37896798904083046,-0.1082245056053662,0.23442510244497566,-0.46468083975115215,-1.0520069568127488,1.2654463789335544,-0.7186415890500273,-1.2046655253805576,0.49405641753890117,0.0,0.3192873429753965,-0.4102138608013461,0.2755905724963403,-0.17352429300935765,-0.5342991508694568,0.11232615050256983,0.23933151737707795,0.3345161408922133,-1.0672089145630614,-0.09126158155722823,0.399497515060848,0.1710180512480181,0.3649685826757736
Hf,0.07980123676364759,0.7924544155936641,0.0,0.10660035817780616,0.15162962553663667,0.17951081248883885,0.24342880987326723,0.3001163704707772,0.4162622740464894,0.5194527628752919,0.6194385053381419,0.6480875577554953,0.7818530808988566,0.8324956915787232,1.0180484077884278,-0.3977065840641424,-0.6531778571342114,-0.5871578762846312,-0.4754210022838488,-0.3103190509961628,-0.10660035817780522,0.05919946090127938,-0.20630073888946052,-0.43981943740062296,-0.6221348471894651,-0.6992388728015638,-0.26786929995562364,-0.1960006711186765,Hf,0.33228426063071187,-0.28240200180917774,0.39576341235193957,-0.34890715739801254,0.32100141124904336,-0.3514459767696867,-0.0070179257229785455,-0.0070179257229785455,-0.24924431593963198,-0.19298998140667653,-0.9465217821406948,-0.8956159347457922,1.3614965725533652,-0.3151598103758689,-0.52766341194355,1.356796795947195,-0.7297595257981029,1.2974975747076767,-0.6522320020185963,0.32100141124904336,-0.02980534915219551,0.1059408254232319,-0.27498104542550833,-0.19920908263156017,0.3345161408922133,0.14185387668560956,-0.12437419079480797,0.006754788901994152,-0.24282673574995065,-0.5628261778813399
Ta,0.07980123676364759,1.6588712433094037,0.0,0.10660035817780616,0.15162962553663667,0.17951081248883885,0.24342880987326723,0.3001163704707772,0.4162622740464894,0.5194527628752919,0.6194385053381419,0.6480875577554953,0.7818530808988566,0.8324956915787232,1.0180484077884278,-0.18430305115167575,-0.6531778571342114,-0.5871578762846312,-0.4754210022838488,-0.3103190509961628,-0.10660035817780522,0.5957107537465464,-0.01410075080579862,-0.41133405470867107,-0.5532285753587526,0.0,0.0,-1.3855219854940923,Ta,0.366645030237648,-0.6299736963435503,0.12386488478190434,-0.5838899499542203,0.35268124559097486,-0.45961080946781235,-0.23860947458126397,-0.23860947458126397,-0.3432575228291425,-0.5575499058683798,-0.4912855543616177,-0.4368689366827193,1.463238465449238,0.16264755910668705,-0.07632866965221186,2.337427163951653,-0.5140670551188606,2.1362564526500303,-0.5663545970705397,0.35268124559097486,0.11391359470496663,0.8248067637167773,-0.5116687762704448,-0.34280202245739794,0.3345161408922133,0.2669293378492652,-0.15748680003238583,-0.3502840530606003,-0.5876973915815903,-0.5089062418970592
W,0.07980123676364759,1.6588712433094037,0.0,0.10660035817780616,0.15162962553663667,0.17951081248883885,0.24342880987326723,0.3001163704707772,0.4162622740464894,0.5194527628752919,0.6194385053381419,0.6480875577554953,0.7818530808988566,0.8324956915787232,1.0180484077884278,0.02910048176079088,-0.6531778571342114,-0.5871578762846312,-0.4754210022838488,-0.3103190509961628,-0.10660035817780522,0.8285755871102402,0.006448933454718899,-0.261138400514743,-0.41795245888128035,-0.8855634498644406,-0.26786929995562364,-1.3855219854940923,W,0.4010057998445841,-0.9775453908779228,-0.10271722152645836,-0.7031219595105185,0.3899580379880763,-0.5515155692766773,-0.5859967978686921,-0.5859967978686921,-0.6252971434976741,-0.6329760971363185,0.2392503480477543,-0.12825731980392474,1.5622208807972644,0.9589931749109474,0.37500607263912633,2.691097132740146,-0.29837458443961845,2.4900117251318297,-0.683460149272435,0.3899580379880763,0.2576325385621288,1.7233891865837085,-0.6246333750828009,-0.7658190614037838,0.3345161408922133,0.3920047990129208,-0.289937236982701,-0.2074685162755625,-0.7256456539142476,-0.6464950440638452
Re,0.07980123676364759,0.7924544155936641,0.0,0.10660035817780616,0.15162962553663667,0.17951081248883885,0.24342880987326723,0.3001163704707772,0.4162622740464894,0.5194527628752919,0.6194385053381419,0.6480875577554953,0.7818530808988566,0.8324956915787232,1.0180484077884278,0.2425040146732575,-0.6531778571342114,-0.5871578762846312,-0.4754210022838488,-0.3103190509961628,-0.10660035817780522,0.8059821613665781,0.03425144745424237,-0.20934679562028505,-0.3799060511219914,-0.9973581961021666,-0.26786929995562364,-0.1960006711186765,Re,0.43536656945152025,-0.9775453908779228,-0.28398290657314723,-0.7623028109691189,0.420466511911682,-0.6179697802153951,-0.8175883467269774,-0.8175883467269774,-0.6723037469424293,-0.7084022884042571,-0.7455083828616217,0.2012064333504644,1.6611279974000004,1.3837108366732198,0.8263408149304645,2.048060825851977,-0.08268211376037626,2.0952413485941697,-0.9957416218108232,0.420466511911682,0.4013514824192909,1.9480347923004417,-0.68739148553411,-0.2962313392706395,0.3345161408922133,0.5170802601765764,-0.3561624554578595,-0.49309958984563806,-0.7946197850805757,-0.9105167995730848
Os,0.07980123676364759,0.7924544155936641,0.0,0.10660035817780616,0.15162962553663667,0.17951081248883885,0.24342880987326723,0.3001163704707772,0.4162622740464894,0.5194527628752919,0.6194385053381419,0.6480875577554953,0.7818530808988566,0.8324956915787232,1.0180484077884278,0.4559075475857241,-0.6531778571342114,-0.5871578762846312,-0.4754210022838488,-0.3103190509961628,-0.10660035817780522,1.2537851925514374,0.08260364571428294,-0.31293000540920096,-0.2995858569634924,-0.9973581961021666,-0.26786929995562364,-0.1960006711186765,Os,0.4697273390584564,-1.151331238145109,-0.5105650128815112,-0.7988556898111957,0.47231931740161276,-0.6738195957915514,-0.8947855296797393,-0.8947855296797393,-0.813323557276695,-0.771257447794206,0.6586293326907262,0.3346601055142668,1.7600816220512976,1.5960696675543562,1.5033429283674726,2.2302544461369584,0.13301035691886592,2.1618908926849434,-1.0113556954377423,0.47231931740161276,0.5450704262764531,1.9480347923004417,-0.723253262934858,-0.5989407799845674,0.3345161408922133,0.642155721340232,-0.3561624554578595,-0.5288034740418975,-0.8635939162469038,-0.6018716487665094
Ir,0.07980123676364759,0.3592460017357944,0.0,0.10660035817780616,0.15162962553663667,0.17951081248883885,0.24342880987326723,0.3001163704707772,0.4162622740464894,0.5194527628752919,0.6194385053381419,0.6480875577554953,0.7818530808988566,0.8324956915787232,1.0180484077884278,0.6693110804981908,-0.6531778571342114,-0.5871578762846312,-0.4754210022838488,-0.3103190509961628,-0.10660035817780522,1.6453675458451502,0.08260364571428294,-0.15755519072582708,-0.3418596433627024,-0.9135121364238721,-0.26786929995562364,-0.4933809997125304,Ir,0.5040881086653926,-0.9775453908779228,-0.6918306979282014,-0.789282316781128,0.49792993746338104,-0.7176510966234716,-1.1649756700144056,-1.1649756700144056,-0.8603301607214503,-0.8089705434281753,1.3441441458203882,0.40972779610640664,1.8281937665008563,1.7553387907152076,1.5033429283674726,1.5121972367785026,0.3487028275981081,1.5569181078609964,-0.1525816459571761,0.49792993746338104,0.6887893701336152,1.835711989442075,-0.7169774518897271,-0.4437051693620397,0.3345161408922133,0.7672311825038877,-0.4555002831705959,-0.7787306634157136,-0.8291068506637398,-1.122477927235431
Pt,0.07980123676364759,-0.0739624121220754,0.0,0.10660035817780616,0.15162962553663667,0.17951081248883885,0.24342880987326723,0.3001163704707772,0.4162622740464894,0.5194527628752919,0.6194385053381419,0.6480875577554953,0.7818530808988566,-0.19932995432166603,1.0180484077884278,1.0961181463231242,-0.6531778571342114,-0.5871578762846312,-0.4754210022838488,-0.3103190509961628,-0.10660035817780522,1.6393026439493597,0.27117721892844165,-0.10576358583136912,-0.21503828416507234,-0.68992264394842,-0.26786929995562364,-0.4933809997125304,Pt,0.5384488782723287,-0.9775453908779228,-1.1449949105449269,-0.7405451449916923,0.5348829559420366,-0.7544130005470175,-1.1263770785380247,-1.1263770785380247,-1.001349971055716,-0.8843967346961139,2.1780541448884247,0.49313634120878325,1.9577519017731375,1.8615182061557762,1.5033429283674726,0.7941400274200469,0.5643952982773504,1.027310576739694,-0.09012535144949849,0.5348829559420366,0.8325083139907774,1.5605211224390771,-0.6649778746586424,-0.14875750917923933,0.3345161408922133,0.8923066436675433,-0.4555002831705959,-1.207177273770827,-0.7256456539142476,-1.282378427050886
Au,0.07980123676364759,-0.0739624121220754,0.0,0.10660035817780616,0.15162962553663667,0.17951081248883885,0.24342880987326723,0.3001163704707772,0.4162622740464894,0.5194527628752919,0.6194385053381419,0.6480875577554953,0.7818530808988566,-0.19932995432166603,1.0180484077884278,1.3095216792355908,-0.6531778571342114,-0.5871578762846312,-0.4754210022838488,-0.3103190509961628,-0.10660035817780522,1.8368185039314175,0.4697838732815591,-0.05397198093691115,-0.13049071136665227,-0.17753005702550884,-0.26786929995562364,-0.4933809997125304,Au,0.5728096478792648,-0.9775453908779228,-1.326260595591617,-0.644811414691015,0.5591475555389476,-0.7848122672530268,-1.0877784870616438,-1.0877784870616438,-0.5782905400529188,-1.035249117231991,2.445032456004446,0.981076330057688,2.0565261382371363,1.330621128952936,1.9546776706588103,0.0975173616245301,0.7800877689565926,0.014750195360629813,0.03478723756585673,0.5591475555389476,0.9762272578479395,0.5664643171425344,-0.5663579868065856,-0.3202928589171316,0.3345161408922133,0.9756902844433137,-0.4223876739330171,-1.1000656211820485,-0.5876973915815903,-0.28021134099821127
Hg,0.07980123676364759,-0.940379239837815,0.0,0.10660035817780616,0.15162962553663667,0.17951081248883885,0.24342880987326723,0.3001163704707772,0.4162622740464894,0.5194527628752919,0.6194385053381419,0.6480875577554953,0.7818530808988566,0.8324956915787232,1.0180484077884278,1.3095216792355908,-0.6531778571342114,-0.5871578762846312,-0.4754210022838488,-0.3103190509961628,-0.10660035817780522,2.7342980952139984,0.2949761709120337,0.17857232503920523,0.019581230350543214,0.4559735049882722,-0.26786929995562364,0.6961403146628854,Hg,0.6071704174862009,-0.456187849076364,-1.1903113318065994,-0.2444703607063645,0.6058760587604655,-0.897218858096177,-0.7403911637742157,-0.7403911637742157,0.40884813228694167,-1.0615225738569898,0.0,0.6099083043521106,0.010836402322468687,0.32191668226753944,0.8263408149304645,-1.4109386416173004,0.9957802396358347,-1.558281582941772,-0.8161797751012498,0.6058760587604655,1.1918056736336828,-0.5342991508694568,-0.21849874601933017,0.6751554941998227,0.3345161408922133,1.1424575659948546,-0.12437419079480797,-0.6359151266306758,-0.24282673574995065,-1.3734845257829469
Tl,-0.9234143111222073,-0.0739624121220754,0.0,0.10660035817780616,0.15162962553663667,0.17951081248883885,0.24342880987326723,0.3001163704707772,0.4162622740464894,0.5194527628752919,0.6194385053381419,0.6480875577554953,0.7818530808988566,0.8324956915787232,1.0180484077884278,1.3095216792355908,-0.2799333673432335,-0.5871578762846312,-0.4754210022838488,-0.3103190509961628,-0.10660035817780522,-0.4715962358142826,0.4970182489515271,-0.06163713846129091,0.12907033712449734,-0.04710285308149509,-0.26786929995562364,-0.1960006711186765,Tl,0.6415311870931371,0.9340989290611262,-0.6011978554048563,-0.03559676732306873,0.6546999283095226,-0.7268415726043581,-0.31580665753402576,-0.31580665753402576,0.40884813228694167,-0.8592546709401344,-0.40999337082963966,0.0,0.109322731819196,0.003378435945835069,0.6006734437847957,-0.8541763725699604,1.2114727103150769,-0.938850973938134,-0.4492490448686444,0.6546999283095226,1.407384089419426,-0.8207222981582911,0.06391275101156015,0.029763443036666948,0.3345161408922133,1.3092248475463952,-1.0184146402094354,-0.564507358238157,-0.03590434225096627,1.6794994358097994
Pb,-0.9234143111222073,-0.0739624121220754,0.0,0.10660035817780616,0.15162962553663667,0.17951081248883885,0.24342880987326723,0.3001163704707772,0.4162622740464894,0.5194527628752919,0.6194385053381419,0.6480875577554953,0.7818530808988566,0.8324956915787232,1.0180484077884278,1.3095216792355908,0.09331112244774449,-0.5871578762846312,-0.4754210022838488,-0.3103190509961628,-0.10660035817780522,0.49730153710139374,-0.15522885035778813,0.0463638952251223,-0.24325350015936104,0.3162300721911146,-0.26786929995562364,-0.4933809997125304,Pb,0.6758919567000732,0.5865272345267537,-0.28398290657314723,0.06013696297760867,0.6910471596000035,-0.7091675803334225,-0.31580665753402576,-0.31580665753402576,0.07980190817365483,-0.8969677665741037,-0.4399337845579654,0.8309409488734099,0.20818555504235164,0.21573726682697086,0.6006734437847957,-0.7716533798526453,1.427165180994319,-0.8722014298473603,0.7139994403368503,0.6910471596000035,1.6229625052051693,-0.7533286164432712,0.15804991668852364,0.23156973684595178,0.3345161408922133,1.475992129097936,-0.8197389847839627,-0.10035686368678418,0.4814016414964947,1.5865340289403502
Bi,-0.9234143111222073,-0.0739624121220754,0.0,0.10660035817780616,0.15162962553663667,0.17951081248883885,0.24342880987326723,0.3001163704707772,0.4162622740464894,0.5194527628752919,0.6194385053381419,0.6480875577554953,0.7818530808988566,0.8324956915787232,1.0180484077884278,1.3095216792355908,0.46655561223872244,-0.5871578762846312,-0.4754210022838488,-0.3103190509961628,-0.10660035817780522,0.40017135568877016,0.04670213850620262,-0.28336994691568906,-0.11484941039894468,0.49323842040084753,-0.26786929995562364,0.6961403146628854,Bi,0.7102527263070093,-0.10861615454199143,-0.23866648531147597,0.3212289547067285,0.7139948938516251,-0.7240137338410084,-0.04561651719935945,-0.04561651719935945,0.3618415288421864,-0.8843967346961139,0.42563411037047244,1.2187906835994624,0.3070926716450919,0.2688269745472556,0.8263408149304645,-0.8027334680189069,1.6428576516735613,-0.7983742425468108,0.5578587040676561,0.7139948938516251,1.8385409209909125,-0.730864055871598,0.2512905379304683,-0.28070777820838716,0.3345161408922133,1.6844512310373623,-0.6541759385960687,-0.31458016886434087,0.2055051168311822,1.7222635229697478
Po,-0.9234143111222073,-0.0739624121220754,0.0,0.10660035817780616,0.15162962553663667,0.17951081248883885,0.24342880987326723,0.3001163704707772,0.4162622740464894,0.5194527628752919,0.6194385053381419,0.6480875577554953,0.7818530808988566,0.8324956915787232,1.0180484077884278,1.3095216792355908,0.8398001020297003,-0.5871578762846312,-0.4754210022838488,-0.3103190509961628,-0.10660035817780522,1.238856203269489,0.36062878570951723,-0.19380931415194763,-0.5109547889595426,0.15785418168766935,-0.26786929995562364,0.9935206432567393,Po,0.7446134959139454,0.9340989290611262,-0.23866648531147597,0.4430718841803177,0.714247519998183,-0.786933146325539,-0.27720806605764486,-0.27720806605764486,0.07980190817365483,-0.934680862208073,1.8410610931558609,1.6775376816625351,0.40597764155803956,0.0,1.0520081860761339,-1.1730152080686778,1.8585501223528038,0.0,-0.5351264498167009,0.714247519998183,2.0541193367766555,0.0,0.0,0.0,0.3345161408922133,1.8512185125889031,-0.9853020309718566,0.0,-0.03590434225096627,2.3525689815446205
Rn,-0.9234143111222073,0.0,0.0,0.10660035817780616,0.15162962553663667,0.17951081248883885,0.24342880987326723,0.3001163704707772,0.4162622740464894,0.5194527628752919,0.6194385053381419,0.6480875577554953,0.7818530808988566,0.8324956915787232,1.0180484077884278,1.3095216792355908,1.5862890816116564,-0.5871578762846312,-0.4754210022838488,-0.3103190509961628,-0.10660035817780522,2.9645984895953816,0.3231558320579854,-0.085046943873586,-0.4729083812002536,0.0,0.0,-0.4933809997125304,Rn,0.8133350351278177,0.0,-0.5558814341431825,0.0,0.8818056784294782,-0.7982445013789378,-0.39300384048678755,-0.39300384048678755,0.5498679426212074,-1.047820149109981,0.0,2.6784402228910578,0.6037475813839349,0.0,0.0,-1.6274275316029838,2.289935063711288,0.0,0.0,0.8818056784294782,2.5571356402767234,0.0,0.0,-2.1179212299259924,0.3345161408922133,-1.6925862203813395,-0.2237120185075434,-0.8144345476119731,-0.5876973915815903,2.456690237238405
Fr,-1.9266298590080622,-1.8067960675535546,0.0,0.10660035817780616,0.15162962553663667,0.17951081248883885,0.24342880987326723,0.3001163704707772,0.4162622740464894,0.5194527628752919,0.6194385053381419,0.6480875577554953,0.7818530808988566,0.8324956915787232,1.0180484077884278,1.3095216792355908,1.5862890816116564,0.5610619706719809,-0.4754210022838488,-0.3103190509961628,-0.10660035817780522,-1.9789696188852104,0.7353583222248327,0.12729863619369175,-0.3799060511219914,3.3626369071691498,-0.26786929995562364,-1.3855219854940923,Fr,0.8476958047347538,0.0,0.12386488478190434,0.0,0.8946947675395779,0.0,2.7334820691000656,2.7334820691000656,3.9813499940883412,2.507267665985526,-0.24888704346626506,0.0,-1.798326686633565,0.0,-1.881667638817565,0.0,-1.3768369378358294,0.0,0.0,0.8946947675395779,-1.4310650517595265,0.0,0.0,0.0,1.1301220976088282,-1.6508943999934542,4.014701963902541,0.0,3.5852375439812607,2.707696835785922
Ra,-1.9266298590080622,-0.940379239837815,0.0,0.10660035817780616,0.15162962553663667,0.17951081248883885,0.24342880987326723,0.3001163704707772,0.4162622740464894,0.5194527628752919,0.6194385053381419,0.6480875577554953,0.7818530808988566,0.8324956915787232,1.0180484077884278,1.3095216792355908,1.5862890816116564,1.7092818176285933,-0.4754210022838488,-0.3103190509961628,-0.10660035817780522,-1.0861310475246444,-0.7457686324866478,-0.0021803760424531802,-0.2995858569634924,2.1701596139667383,1.8468883312729871,1.5882813004444472,Ra,0.8820565743416899,1.8030281653970577,1.6646232076787708,2.3838556893667753,0.9333620348698768,0.0,1.8843130566196857,1.8843130566196857,1.8660528390743547,1.6046675771458607,-0.8194103678906927,0.0,-1.5640147086539509,0.0,-1.4303328965262267,-1.1188929855722567,-1.1611444671565874,-1.0577947757001303,0.0,0.9333620348698768,-1.2873461079023643,0.0,0.0,0.0,1.1301220976088282,-1.4007434776661432,1.8623823634599197,0.0,2.30921611740419,0.43376298375916655
Ac,0.07980123676364759,-0.0739624121220754,0.0,0.10660035817780616,0.15162962553663667,0.17951081248883885,0.24342880987326723,0.3001163704707772,0.4162622740464894,0.5194527628752919,0.6194385053381419,0.6480875577554953,0.7818530808988566,0.8324956915787232,1.0180484077884278,1.3095216792355908,1.5862890816116564,1.7092818176285933,-0.4754210022838488,0.49285966922919977,-0.10660035817780522,-1.010737356022495,-0.5520189564487518,-0.704681704830881,-0.1389454686464944,0.8286226591140258,-0.26786929995562364,-0.4933809997125304,Ac,0.9164173439486261,1.1078847763283126,1.7099396289404432,0.4291469779547646,0.9462511239799765,0.0,1.305334184473972,1.305334184473972,0.9259207701792495,1.0641132063923004,-0.449900442745338,0.0,-1.509976785566024,0.0,-0.9789981542348882,-0.15487438882907645,-0.9454519964773451,0.2085465620245722,0.9950527656213988,0.9462511239799765,-1.1436271640452023,0.0,0.0,0.3712817864062258,1.1301220976088282,0.05847023590983915,0.670328430907084,0.6137208202384047,1.653961871324073,0.06376066441875483
Th,1.0830167846495025,0.7924544155936641,0.0,0.10660035817780616,0.15162962553663667,0.17951081248883885,0.24342880987326723,0.3001163704707772,0.4162622740464894,0.5194527628752919,0.6194385053381419,0.6480875577554953,0.7818530808988566,0.8324956915787232,1.0180484077884278,1.3095216792355908,1.5862890816116564,1.7092818176285933,-0.4754210022838488,1.2960383894545624,-0.10660035817780522,-0.32466661916237965,-0.5097107829712161,-0.6588979261041802,-0.8217516665665348,0.7168279128762997,2.9042671468872925,-0.4933809997125304,Th,0.9507781135555622,0.5865272345267537,1.4833575226320805,0.1906829588421686,1.0111824881899254,0.0,0.8807496782337823,0.8807496782337823,0.4558547357316969,1.2401076526841572,0.0,0.0,-1.4559388624780953,-0.6336980566975733,-0.52766341194355,1.0283124158451553,0.0,1.2134166113931621,0.8154909189118261,1.0111824881899254,-1.071767692116621,-0.4275924881540085,0.29432467081136593,0.4178524695929842,1.1301220976088282,0.016778415521953947,0.6041032124319264,1.0778713147897776,0.4814016414964947,-0.08870260284714344
Pa,1.0830167846495025,1.6588712433094037,0.0,0.10660035817780616,0.15162962553663667,0.17951081248883885,0.24342880987326723,0.3001163704707772,0.4162622740464894,0.5194527628752919,0.6194385053381419,0.6480875577554953,0.7818530808988566,0.8324956915787232,1.0180484077884278,1.3095216792355908,1.5862890816116564,1.7092818176285933,-0.04851234717182127,0.49285966922919977,-0.10660035817780522,-0.633243495838358,-0.5338868821012364,-0.6443962767337319,-0.7265510995955138,0.0,0.0,1.2909009718505933,Pa,0.9851388831624983,0.5865272345267537,1.3474082588470628,-0.22706422792442324,0.9982699409376452,0.0,0.6491581293754968,0.6491581293754968,0.22082171850792062,0.44813264437080175,0.0,0.0,-1.0413528296067893,0.0,-0.07632866965221186,0.854156749396276,0.0,1.0134679791208405,-0.09012535144949849,0.9982699409376452,-0.99990822018804,0.0,0.0,0.0,1.1301220976088282,-0.02491340486593126,0.5378779939567688,0.8993518938084802,0.13653098566485405,-0.036641975000252125
U,1.0830167846495025,2.5252880710251433,0.0,0.10660035817780616,0.15162962553663667,0.17951081248883885,0.24342880987326723,0.3001163704707772,0.4162622740464894,0.5194527628752919,0.6194385053381419,0.6480875577554953,0.7818530808988566,0.8324956915787232,1.0180484077884278,1.3095216792355908,1.5862890816116564,1.7092818176285933,0.1649419803841925,0.49285966922919977,-0.10660035817780522,-0.40808678992683617,-0.570151030796267,-0.5822463508603823,-0.48136313848009543,0.0,0.0,0.3987599860690314,U,1.0194996527694344,0.41274138725956744,1.256775416323718,-0.44464088769868976,1.0884037277572454,0.0,0.6877567208518777,0.6877567208518777,0.03279530472889958,0.1338568474210575,0.0,0.0,-0.8070408516271731,0.003378435945835069,0.37500607263912633,0.5101323252111054,0.0,0.8596613389113625,-0.9254782904896857,1.0884037277572454,-0.9280487482594589,0.32497029099704655,-0.3018773784760692,0.5517431837549133,1.1301220976088282,-0.06660522525381647,0.47165277548161033,0.2923858624720697,-0.27731380133311473,-0.09056191098453287
Np,1.0830167846495025,1.6588712433094037,0.0,0.10660035817780616,0.15162962553663667,0.17951081248883885,0.24342880987326723,0.3001163704707772,0.4162622740464894,0.5194527628752919,0.6194385053381419,0.6480875577554953,0.7818530808988566,0.8324956915787232,1.0180484077884278,1.3095216792355908,1.5862890816116564,1.7092818176285933,0.3783963079402063,0.49285966922919977,-0.10660035817780522,-0.3551466389463572,-0.5822390803612771,-0.5874255113498282,-0.6039571190378048,0.0,0.0,0.3987599860690314,Np,1.0538604223763706,0.41274138725956744,1.1661425738003728,0.30382282192478727,1.0751420150809727,0.0,0.7263553123282586,0.7263553123282586,0.12680851161841009,0.41041954873683245,0.0,0.0,-0.5727288736475566,0.0,-0.52766341194355,0.07608281806159113,0.0,0.5100075768351492,0.5344375936272769,1.0751420150809727,-0.8561892763308778,0.0,0.0,0.0,1.1301220976088282,-0.10829704564170167,0.4054275570064527,0.6851285886309236,-0.27731380133311473,-0.036641975000252125
Pu,1.0830167846495025,0.7924544155936641,0.0,0.10660035817780616,0.15162962553663667,0.17951081248883885,0.24342880987326723,0.3001163704707772,0.4162622740464894,0.5194527628752919,0.6194385053381419,0.6480875577554953,0.7818530808988566,0.8324956915787232,1.0180484077884278,1.3095216792355908,1.5862890816116564,1.7092818176285933,0.8053049630522339,-0.3103190509961628,-0.10660035817780522,-0.5327097862690495,-0.5822390803612771,-0.514917264497587,-0.5532285753587526,-0.1402651416129335,-0.26786929995562364,0.10137965747517745,Pu,1.0882211919833067,0.41274138725956744,1.030193310015355,0.0,1.1653656388516702,0.0,0.7649539038046395,0.7649539038046395,0.07980190817365483,0.17156994305502682,0.0,0.0,-0.15814284077625024,-0.10280097949473306,-0.52766341194355,0.11627258724210171,0.0,-0.10419360640136648,0.0,1.1653656388516702,-0.7843298044022968,0.07224398456572219,-0.3996007218931074,0.0,1.1301220976088282,-0.1499888660295869,0.5378779939567688,0.6494247044346642,-0.27731380133311473,-0.036641975000252125
Am,1.0830167846495025,-0.0739624121220754,0.0,0.10660035817780616,0.15162962553663667,0.17951081248883885,0.24342880987326723,0.3001163704707772,0.4162622740464894,0.5194527628752919,0.6194385053381419,0.6480875577554953,0.7818530808988566,0.8324956915787232,1.0180484077884278,1.3095216792355908,1.5862890816116564,1.7092818176285933,1.0187592906082477,-0.3103190509961628,-0.10660035817780522,-0.5711800736300213,-0.5580629812312569,-0.4838423015609123,-0.47713575984017464,0.2882813856316831,-0.26786929995562364,1.5882813004444472,Am,1.1225819615902428,0.41274138725956744,0.93956046749201,0.2777136227518752,1.1524765497415705,0.0,0.5333623549463541,0.5333623549463541,0.07980190817365483,0.15899891117703704,0.0,0.0,0.07594767030546468,0.0,0.0,-0.4463841812850464,0.0,-0.41693377482730515,0.0,1.1524765497415705,-0.7124703324737157,0.0,0.0,0.0,1.1301220976088282,-0.19168068641747207,0.5709906031943467,0.7208324728271831,0.0,-0.11659222490797853
Cm,1.0830167846495025,-0.0739624121220754,0.0,0.10660035817780616,0.15162962553663667,0.17951081248883885,0.24342880987326723,0.3001163704707772,0.4162622740464894,0.5194527628752919,0.6194385053381419,0.6480875577554953,0.7818530808988566,0.8324956915787232,1.0180484077884278,1.3095216792355908,1.5862890816116564,1.7092818176285933,1.0187592906082477,0.49285966922919977,-0.10660035817780522,-0.5575314525260741,-0.4734466342761855,-0.5667088693920449,-0.4390893520808854,0.2696489279253954,-0.26786929995562364,1.5882813004444472,Cm,1.156942731197179,0.0,0.93956046749201,0.058396349699414575,1.204032906181969,0.0,0.5333623549463541,0.5333623549463541,0.12680851161841009,0.32242232559090406,0.0,0.0,0.13020706029129223,0.0,0.0,0.0,0.0,0.10600880188492018,0.0,1.204032906181969,-0.6406108605451346,0.0,0.0,0.0,1.1301220976088282,-0.2333725068053573,0.6041032124319264,1.5063179251448908,0.0,-0.21885417246437386
Bk,1.0830167846495025,-0.0739624121220754,0.0,0.10660035817780616,0.15162962553663667,0.17951081248883885,0.24342880987326723,0.3001163704707772,0.4162622740464894,0.5194527628752919,0.6194385053381419,0.6480875577554953,0.7818530808988566,0.8324956915787232,1.0180484077884278,1.3095216792355908,1.5862890816116564,1.7092818176285933,1.4456679457202752,-0.3103190509961628,-0.10660035817780522,-0.4052727939312309,-0.5338868821012364,-0.489021462050358,-0.5109547889595426,0.23238401251282007,-0.26786929995562364,1.5882813004444472,Bk,1.191303500804115,0.0,0.0,0.0,1.204032906181969,0.0,0.6105595378991159,0.6105595378991159,0.26782832195267586,0.08357271990909841,0.0,0.0,0.5456789607542036,0.0,0.0,0.0,0.0,-0.28363468664575753,0.0,1.204032906181969,-0.5687513886165536,0.0,0.0,0.0,1.1301220976088282,-0.2750643271932425,0.5709906031943467,2.7559538720139716,0.0,-0.19468316667831762
Cf,1.0830167846495025,-0.0739624121220754,0.0,0.10660035817780616,0.15162962553663667,0.17951081248883885,0.24342880987326723,0.3001163704707772,0.4162622740464894,0.5194527628752919,0.6194385053381419,0.6480875577554953,0.7818530808988566,0.8324956915787232,1.0180484077884278,1.3095216792355908,1.5862890816116564,1.7092818176285933,1.659122273276289,-0.3103190509961628,-0.10660035817780522,-0.34304793721577836,-0.5217988325362263,-0.4475881781347918,-0.4390893520808854,0.19511909710024472,-0.26786929995562364,1.5882813004444472,Cf,1.2256642704110512,0.0,0.0,0.0,1.2555892626223677,0.0,0.6105595378991159,0.6105595378991159,0.31483492539743113,0.04585962427512911,0.0,0.0,0.779105071142215,0.0,0.0,0.0,0.0,-0.8680999194417741,0.0,1.2555892626223677,-0.4968919166879725,0.0,0.0,0.0,1.1301220976088282,-0.3167561475811277,0.6041032124319264,1.5063179251448908,0.0,-0.24302517825043113
Es,1.0830167846495025,-0.0739624121220754,0.0,0.10660035817780616,0.15162962553663667,0.17951081248883885,0.24342880987326723,0.3001163704707772,0.4162622740464894,0.5194527628752919,0.6194385053381419,0.6480875577554953,0.7818530808988566,0.8324956915787232,1.0180484077884278,1.3095216792355908,1.5862890816116564,1.7092818176285933,1.8725766008323028,-0.3103190509961628,-0.10660035817780522,-0.27897621049689403,-0.49762273340620594,-0.43205069666645435,-0.3925881870417546,0.8137166929489954,2.9042671468872925,1.5882813004444472,Es,1.2600250400179873,0.0,0.0,0.0,1.2684783517324674,0.0,0.4947637634699732,0.4947637634699732,0.31483492539743113,-0.004424503236829975,0.0,0.0,1.0134170491218308,0.0,0.0,0.0,0.0,-1.191093863881678,0.0,1.2684783517324674,-0.42503244475939145,0.0,0.0,0.0,1.1301220976088282,-0.3584479679690129,0.6041032124319264,0.25668197827581024,0.0,-0.26905549217387786
Fm,1.0830167846495025,-0.0739624121220754,0.0,0.10660035817780616,0.15162962553663667,0.17951081248883885,0.24342880987326723,0.3001163704707772,0.4162622740464894,0.5194527628752919,0.6194385053381419,0.6480875577554953,0.7818530808988566,0.8324956915787232,1.0180484077884278,1.3095216792355908,1.5862890816116564,1.7092818176285933,2.0860309283883165,-0.3103190509961628,-0.10660035817780522,-0.18152308601751166,-0.4734466342761855,-0.40615489421922535,-0.3714512938421496,0.7727252859951627,2.9042671468872925,1.5882813004444472,Fm,1.2943858096249234,0.0,0.0,0.0,1.3329237972829655,0.0,0.571960946422735,0.571960946422735,0.0,-0.06727966262677883,0.0,0.0,1.2477290271014474,0.0,0.0,0.0,0.0,0.0,0.0,1.3329237972829655,-0.35317297283081034,0.0,0.0,0.0,1.1301220976088282,-0.4001397883568981,0.6041032124319264,0.0,0.0,-0.2932264979599341
Md,1.0830167846495025,-0.0739624121220754,0.0,0.10660035817780616,0.15162962553663667,0.17951081248883885,0.24342880987326723,0.3001163704707772,0.4162622740464894,0.5194527628752919,0.6194385053381419,0.6480875577554953,0.7818530808988566,0.8324956915787232,1.0180484077884278,1.3095216792355908,1.5862890816116564,1.7092818176285933,2.2994852559443304,-0.3103190509961628,-0.10660035817780522,-0.12228106505740065,-0.4734466342761855,-0.3491841288353215,-0.3418596433627024,0.7354603705825874,2.9042671468872925,1.5882813004444472,Md,1.3287465792318596,0.0,0.0,0.0,1.345812886393065,0.0,0.8035524952810204,0.8035524952810204,0.26782832195267586,-0.11756379013873791,0.0,0.0,1.4818195381831623,0.0,0.0,0.0,0.0,0.0,0.0,1.345812886393065,-0.2813135009022293,0.0,0.0,0.0,1.1301220976088282,-0.44183160874478333,0.6372158216695043,0.0,0.0,-0.315538195608603
No,1.0830167846495025,-0.0739624121220754,0.0,0.10660035817780616,0.15162962553663667,0.17951081248883885,0.24342880987326723,0.3001163704707772,0.4162622740464894,0.5194527628752919,0.6194385053381419,0.6480875577554953,0.7818530808988566,0.8324956915787232,1.0180484077884278,1.3095216792355908,1.5862890816116564,1.7092818176285933,2.5129395835003443,-0.3103190509961628,-0.10660035817780522,-0.08806139270031632,-0.4093799715816316,-0.2714967214936346,-0.2784489637638874,0.698195455170012,2.9042671468872925,1.5882813004444472,No,1.3631073488387957,0.0,0.0,0.0,1.3587019755031646,0.0,0.9193482697101631,0.9193482697101631,0.0,-0.10499275826074814,0.0,0.0,1.7161315161627788,0.0,0.0,0.0,0.0,0.0,0.0,1.3587019755031646,-0.2094540289736482,0.0,0.0,0.0,1.1301220976088282,-0.48352342913266855,0.6372158216695043,0.0,0.0,-0.3638802071807165
Lr,1.0830167846495025,-0.0739624121220754,0.0,0.10660035817780616,0.15162962553663667,0.17951081248883885,0.24342880987326723,0.3001163704707772,0.4162622740464894,0.5194527628752919,0.6194385053381419,0.6480875577554953,0.7818530808988566,0.8324956915787232,1.0180484077884278,1.3095216792355908,1.5862890816116564,1.7092818176285933,2.5129395835003443,-0.3103190509961628,9.274231161469054,-1.321931989499648,-0.2147623735849677,-0.47866314107146646,-0.18967401232554626,0.6572040482161793,2.9042671468872925,1.5882813004444472,Lr,1.3974681184457318,0.0,0.0,0.0,1.3973692428334636,0.0,0.34036939756444956,0.34036939756444956,0.3618415288421864,2.5349239361171034,0.0,0.0,1.7701694392507055,0.0,0.0,0.0,0.0,0.0,0.0,1.3973692428334636,-0.13759455704506712,0.0,0.0,0.0,1.1301220976088282,-0.5252152495205538,0.6372158216695043,0.0,0.0,-0.38619190482938437
Rf,0.07980123676364759,0.7924544155936641,0.0,0.10660035817780616,0.15162962553663667,0.17951081248883885,0.24342880987326723,0.3001163704707772,0.4162622740464894,0.5194527628752919,0.6194385053381419,0.6480875577554953,0.7818530808988566,0.8324956915787232,1.0180484077884278,1.3095216792355908,1.5862890816116564,1.7092818176285933,2.5129395835003443,1.2960383894545624,-0.10660035817780522,-0.5369752117781779,-0.23772966775848697,-0.3730082670867722,-0.68554552678828,0.0,0.0,1.5882813004444472,Rf,1.431828888052668,0.0,0.0,0.0,1.4618146883839618,0.0,0.18597503165892595,0.18597503165892595,0.31483492539743113,-0.0798506945047686,0.0,0.0,0.0,0.0,0.0,0.0,-0.7297595257981029,0.0,0.0,1.4618146883839618,0.006124386812095025,0.0,0.0,0.0,1.1301220976088282,0.0,0.0,0.0,0.0,0.0
Db,0.07980123676364759,0.0,0.0,0.10660035817780616,0.15162962553663667,0.17951081248883885,0.24342880987326723,0.3001163704707772,0.4162622740464894,0.5194527628752919,0.6194385053381419,0.6480875577554953,0.7818530808988566,0.8324956915787232,1.0180484077884278,1.3095216792355908,1.5862890816116564,1.7092818176285933,2.5129395835003443,2.099217109679925,-0.10660035817780522,0.04063449258290433,-0.2800378412360226,-0.41133405470867107,-0.6377761481571727,0.0,0.0,1.5882813004444472,Db,1.466189657659604,0.0,0.0,0.0,1.4747037774940615,0.0,-0.12281370015212126,-0.12281370015212126,0.12680851161841009,-0.9598229259640525,0.0,0.0,0.0,0.0,0.0,0.0,-0.5140670551188606,0.0,0.0,1.4747037774940615,0.14984333066925717,0.0,0.0,0.0,1.1301220976088282,0.0,0.0,0.0,0.0,0.0
Sg,0.07980123676364759,0.0,0.0,0.10660035817780616,0.15162962553663667,0.17951081248883885,0.24342880987326723,0.3001163704707772,0.4162622740464894,0.5194527628752919,0.6194385053381419,0.6480875577554953,0.7818530808988566,0.8324956915787232,1.0180484077884278,1.3095216792355908,1.5862890816116564,1.7092818176285933,2.5129395835003443,2.902395829905288,-0.10660035817780522,0.7811597545842914,0.09469169527929329,-0.2714967214936346,-0.5320916821591476,0.0,0.0,1.5882813004444472,Sg,1.5005504272665402,0.0,0.0,0.0,1.5133710448243602,0.0,-0.35440524901040665,-0.35440524901040665,-0.24924431593963198,-0.9849649897200321,0.0,0.0,0.0,0.0,0.0,0.0,-0.29837458443961845,0.0,0.0,1.5133710448243602,0.2935622745264193,0.0,0.0,0.0,1.1301220976088282,0.0,0.0,0.0,0.0,0.0
Bh,0.07980123676364759,0.0,0.0,0.10660035817780616,0.15162962553663667,0.17951081248883885,0.24342880987326723,0.3001163704707772,0.4162622740464894,0.5194527628752919,0.6194385053381419,0.6480875577554953,0.7818530808988566,0.8324956915787232,1.0180484077884278,1.3095216792355908,1.5862890816116564,1.7092818176285933,2.5129395835003443,3.70557455013065,-0.10660035817780522,0.707107228384153,0.14304389353933386,-0.22488427708862246,-0.45599886664056966,0.0,0.0,1.5882813004444472,Bh,1.5349111968734763,0.0,0.0,0.0,1.5520383121546593,0.0,-0.43160243196316844,-0.43160243196316844,-0.24924431593963198,-1.0101070534760117,0.0,0.0,0.0,0.0,0.0,0.0,-0.08268211376037626,0.0,0.0,1.5520383121546593,0.43728121838358147,0.0,0.0,0.0,1.1301220976088282,0.0,0.0,0.0,0.0,0.0
Hs,0.07980123676364759,0.0,0.0,0.10660035817780616,0.15162962553663667,0.17951081248883885,0.24342880987326723,0.3001163704707772,0.4162622740464894,0.5194527628752919,0.6194385053381419,0.6480875577554953,0.7818530808988566,0.8324956915787232,1.0180484077884278,1.3095216792355908,1.5862890816116564,1.7092818176285933,2.5129395835003443,4.508753270356013,-0.10660035817780522,0.6330547021840139,0.22766024049440506,-0.09022610436303169,-0.4390893520808854,0.0,0.0,1.5882813004444472,Hs,1.5692719664804125,0.0,0.0,0.0,1.4875928666041611,0.0,-0.7017925722978348,-0.7017925722978348,-0.3902641262738977,-1.035249117231991,0.0,0.0,0.0,0.0,0.0,0.0,0.13301035691886592,0.0,0.0,1.4875928666041611,0.5810001622407436,0.0,0.0,0.0,1.1301220976088282,0.0,0.0,0.0,0.0,0.0
Mt,0.07980123676364759,0.0,0.0,0.10660035817780616,0.15162962553663667,0.17951081248883885,0.24342880987326723,0.3001163704707772,0.4162622740464894,0.5194527628752919,0.6194385053381419,0.6480875577554953,0.7818530808988566,0.8324956915787232,1.0180484077884278,1.3095216792355908,1.5862890816116564,1.7092818176285933,2.5129395835003443,5.3119319905813756,-0.10660035817780522,0.0,0.0,0.0,0.0,0.0,0.0,1.5882813004444472,Mt,1.6036327360873486,0.0,0.0,0.0,1.5778164903748584,0.0,-0.8947855296797393,-0.8947855296797393,-0.3902641262738977,-1.0603911809879707,0.0,0.0,0.0,0.0,0.0,0.0,0.3487028275981081,0.0,0.0,1.5778164903748584,0.7247191060979058,0.0,0.0,0.0,1.1301220976088282,0.0,0.0,0.0,0.0,0.0
