element,block,oxistates,1s,2s,2p,3s,3p,4s,3d,4p,5s,4d,5p,6s,4f,5d,6p,7s,5f,6d,7p,1st_ion_energy,2nd_ion_energy,3rd_ion_energy,4th_ion_energy,ionic_radius,coordination,lattice_structure,symbol,atomic_number,atomic_radius,atomic_radius_rahm,atomic_volume,atomic_weight,c6_gb,covalent_radius,covalent_radius_pyykko,covalent_radius_pyykko_double,dipole_polarizability,electron_affinity,en_allen,en_ghosh,en_miedema,en_pauling,evaporation_heat,group_id,heat_of_formation,lattice_constant,mass,mendeleev_number,miedema_electron_density,miedema_molar_volume,molar_heat_capacity,period,pettifor_number,vdw_radius,vdw_radius_alvarez,vdw_radius_mm3,vdw_radius_uff
Li,0,1,2,1,0,0,0,0,0,0,0,0,0,0,0,0,0,0,0,0,0,5.391714996,75.640097,122.45435913,,76.0,6,0,Li,3,145.0,220.00000000000003,13.1,6.94,1410.0,133.0,133.0,124.0,164.1125,0.618049,5.392,0.105093,2.85,0.98,148.0,1,159.3,3.49,6.94,1,0.94,13.0,24.86,2,12,182.0,212.0,254.99999999999997,245.1
Be,0,2,2,2,0,0,0,0,0,0,0,0,0,0,0,0,0,0,0,0,0,9.322699,18.21115,153.896205,217.71858459,27.0,4,4,Be,4,105.0,219.0,5.0,9.0121831,214.0,102.0,102.0,90.0,37.74,-2.4,9.323,0.144986,5.05,1.57,309.0,2,324.0,2.29,9.0121831,75,4.66,4.9,16.443,2,77,153.0,198.0,223.0,274.5
Na,0,1,2,2,6,1,0,0,0,0,0,0,0,0,0,0,0,0,0,0,0,5.13907696,47.28636,71.62,98.936,102.0,6,0,Na,11,180.0,225.0,23.7,22.98976928,1570.0,155.0,155.0,160.0,162.7,0.547926,5.14,0.093214,2.7,0.93,97.9,1,107.5,4.23,22.98976928,2,0.55,23.78,28.23,3,11,227.0,250.0,270.0,298.3
Mg,0,2,2,2,6,2,0,0,0,0,0,0,0,0,0,0,0,0,0,0,0,7.646236,15.035271,80.1436,109.2654,72.0,6,4,Mg,12,150.0,240.0,14.0,24.305,629.0,139.0,139.0,132.0,71.2,,7.646,0.121644,3.45,1.31,131.8,2,147.1,3.21,24.305,76,1.6,14.0,24.869,3,73,173.0,251.0,243.00000000000003,302.1
Al,1,3,2,2,6,2,1,0,0,0,0,0,0,0,0,0,0,0,0,0,0,5.985769,18.82855,28.447642,119.9924,53.5,6,3,Al,13,125.0,239.0,10.0,26.9815385,520.0,126.0,126.0,113.0,57.8,0.43283,9.539,0.150078,4.2,1.61,284.1,13,330.9,4.05,26.9815385,82,2.7,10.0,24.2,3,80,184.0,225.0,236.0,449.9
K,0,1,2,2,6,2,6,1,0,0,0,0,0,0,0,0,0,0,0,0,0,4.34066373,31.625,45.8031,60.917,138.0,6,0,K,19,220.0,234.0,45.3,39.0983,3910.0,196.0,196.0,193.0,289.7,0.50147,4.34,0.0981896,2.25,0.82,2.33,1,89.0,5.23,39.0983,3,0.27,45.63,29.6,4,10,275.0,273.0,309.0,381.2
Ca,0,2,2,2,6,2,6,2,0,0,0,0,0,0,0,0,0,0,0,0,0,6.11315547,11.871719,50.91316,67.2732,106.0,7,3,Ca,20,180.0,270.0,29.9,40.078,2230.0,171.0,171.0,147.0,160.8,0.02455,6.1129999999999995,0.1154119,2.55,1.0,153.6,2,177.8,5.58,40.078,7,0.75,26.2,25.929,4,16,231.0,262.0,281.0,339.9
Sc,2,3,2,2,6,2,6,2,1,0,0,0,0,0,0,0,0,0,0,0,0,6.56149,12.79977,24.756839,73.4894,74.5,6,4,Sc,21,160.0,263.0,15.0,44.955908,1570.0,148.0,148.0,116.0,97.0,0.188,7.042000000000001,0.11938330000000001,3.25,1.36,332.7,3,377.8,3.31,44.955908,11,2.05,15.03,25.52,4,20,215.0,258.0,261.0,329.5
Ti,2,4,2,2,6,2,6,2,2,0,0,0,0,0,0,0,0,0,0,0,0,6.82812,13.5755,27.49171,43.26717,60.5,6,4,Ti,22,140.0,257.0,10.6,47.867,1200.0,136.0,136.0,117.0,100.0,0.079,8.17,0.12336369999999999,3.8,1.54,422.6,4,473.0,2.95,47.867,43,3.51,10.58,25.06,4,51,211.0,246.0,239.0,317.5
V,2,5,2,2,6,2,6,2,3,0,0,0,0,0,0,0,0,0,0,0,0,6.746187,14.634,29.3111,46.709,,,0,V,23,135.0,252.0,8.35,50.9415,955.0,134.0,134.0,112.0,87.0,0.525,9.062999999999999,0.12733440000000001,4.25,1.63,460.0,5,515.5,3.02,50.9415,47,4.41,8.36,24.89,4,54,206.99999999999997,242.0,229.0,314.4
Cr,2,3,2,2,6,2,6,1,5,0,0,0,0,0,0,0,0,0,0,0,0,6.76651,16.486305,30.959,49.16,61.5,6,0,Cr,24,140.0,233.0,7.23,51.9961,709.0,122.0,122.0,111.0,83.0,0.6659999999999999,9.77,0.13130529999999999,4.65,1.66,342.0,6,397.48,2.88,51.9961,51,5.18,7.23,23.35,4,57,206.0,245.0,225.0,302.3
Mn,2,3,2,2,6,2,6,2,5,0,0,0,0,0,0,0,0,0,0,0,0,7.434038,15.63999,33.668,51.21,68.0,6,1,Mn,25,140.0,242.0,7.39,54.938044,635.0,119.0,119.0,105.0,68.0,,10.34,0.1352844,4.45,1.55,221.0,7,283.3,8.89,54.938044,55,4.17,7.35,26.32,4,60,204.99999999999997,245.0,224.00000000000003,296.1
Fe,2,2.5,2,2,6,2,6,2,6,0,0,0,0,0,0,0,0,0,0,0,0,7.9024681,16.19921,30.651,54.91,71.25,6,0,Fe,26,140.0,237.0,7.1,55.845,548.0,115.99999999999999,115.99999999999999,109.0,62.0,0.151,10.64,0.13925320000000002,4.93,1.83,340.0,8,415.5,2.87,55.845,59,5.55,7.09,25.1,4,61,204.0,244.0,223.0,291.2
Co,2,2.5,2,2,6,2,6,2,7,0,0,0,0,0,0,0,0,0,0,0,0,7.88101,17.0844,33.5,51.27,64.5,6,4,Co,27,135.0,233.0,6.7,58.933194,461.0,111.00000000000001,111.00000000000001,103.0,55.0,0.66225646,10.86,0.14323629999999998,5.1,1.88,389.1,9,426.7,2.51,58.933194,63,5.36,6.7,24.81,4,64,200.0,240.0,223.0,287.2
Ni,2,2,2,2,6,2,6,2,8,0,0,0,0,0,0,0,0,0,0,0,0,7.639878,18.168838,35.187,54.92,69.0,6,3,Ni,28,135.0,229.0,6.6,58.6934,393.0,110.00000000000001,110.00000000000001,101.0,49.0,1.156,11.13,0.1472068,5.2,1.91,378.6,10,430.1,3.52,58.6934,67,5.36,6.6,26.07,4,67,197.0,240.0,222.00000000000003,283.4
Cu,2,2,2,2,6,2,6,1,10,0,0,0,0,0,0,0,0,0,0,0,0,7.72638,20.29239,36.841,57.38,56.99999999999999,4,3,Cu,29,135.0,217.0,7.1,63.546,264.0,112.00000000000001,112.00000000000001,115.0,46.5,1.235,10.96,0.15117160000000002,4.45,1.9,304.6,11,337.4,3.61,63.546,71,3.18,7.12,24.44,4,72,196.0,238.0,225.99999999999997,349.5
Zn,2,2,2,2,6,2,6,2,10,0,0,0,0,0,0,0,0,0,0,0,0,9.394197,17.96439,39.7233,59.573,74.0,6,4,Zn,30,135.0,222.00000000000003,9.2,65.38,276.0,118.0,118.0,120.0,38.67,,9.395,0.15515179999999998,4.1,1.65,114.8,12,130.4,2.66,65.38,77,2.3,9.17,25.39,4,76,200.99999999999997,239.0,229.0,276.3
Ga,1,3,2,2,6,2,6,2,10,1,0,0,0,0,0,0,0,0,0,0,0,5.999302,20.51514,30.72576,63.241,62.0,6,6,Ga,31,130.0,233.0,11.8,69.723,456.0,124.0,124.0,117.0,50.0,0.43,10.39,0.17237729999999998,4.1,1.81,270.3,13,271.96,4.51,69.723,83,2.25,11.82,26.03,4,81,187.0,232.0,246.0,438.3
Ge,1,4,2,2,6,2,6,2,10,2,0,0,0,0,0,0,0,0,0,0,0,7.899435,15.93461,34.0576,45.7155,53.0,6,2,Ge,32,125.0,234.0,13.6,72.63,365.0,121.0,121.0,111.0,40.0,1.232712,11.8,0.1895892,4.55,2.01,328.0,14,372.0,5.66,72.63,89,2.57,9.87,23.222,4,84,211.0,229.0,244.0,428.0
Rb,0,1,2,2,6,2,6,2,10,6,1,0,0,0,0,0,0,0,0,0,0,4.1771281,27.28954,39.247,52.2,152.0,6,0,Rb,37,235.0,240.0,55.9,85.4678,4660.0,210.0,210.0,202.0,319.8,0.48591999999999996,4.177,0.10468599999999999,2.1,0.82,75.8,1,80.9,5.59,85.4678,4,0.22,56.07,31.06,5,9,303.0,321.0,325.0,411.4
Sr,0,2,2,2,6,2,6,2,10,6,2,0,0,0,0,0,0,0,0,0,0,5.69486745,11.0302765,42.88353,56.28,118.0,6,3,Sr,38,200.0,279.0,33.7,87.62,3230.0,185.0,185.0,157.0,197.2,0.048,5.695,0.1185082,2.4,0.95,144.0,2,164.0,6.08,87.62,8,0.59,33.93,26.79,5,15,249.00000000000003,284.0,300.0,364.1
Y,2,3,2,2,6,2,6,2,10,6,2,1,0,0,0,0,0,0,0,0,0,6.21726,12.2236,20.52441,60.6072,90.0,6,4,Y,39,180.0,274.0,19.8,88.90584,2600.0,163.0,163.0,130.0,162.0,0.307,6.631,0.1216986,3.2,1.22,367.0,3,424.7,3.65,88.90584,12,1.77,19.9,26.53,5,19,231.99999999999997,275.0,271.0,334.5
Zr,2,4,2,2,6,2,6,2,10,6,2,2,0,0,0,0,0,0,0,0,0,6.634126,13.13,23.17,34.41836,72.0,6,4,Zr,40,155.0,269.0,14.1,91.224,1360.0,154.0,154.0,127.0,112.0,0.426,7.808,0.12488869999999999,3.45,1.33,567.0,4,610.0,3.23,91.224,44,2.8,14.0,25.36,5,49,223.0,252.0,254.0,312.4
Nb,2,5,2,2,6,2,6,2,10,6,1,4,0,0,0,0,0,0,0,0,0,6.75885,14.32,25.04,37.611,,,0,Nb,41,145.0,250.99999999999997,10.8,92.90637,1140.0,147.0,147.0,125.0,98.0,0.917406,8.34,0.1280782,4.05,1.6,680.0,5,733.0,3.3,92.90637,48,4.41,10.87,24.6,5,52,218.00000000000003,256.0,243.00000000000003,316.5
Mo,2,6,2,2,6,2,6,2,10,6,1,5,0,0,0,0,0,0,0,0,0,7.09243,16.16,27.13,40.33,59.0,6,0,Mo,42,145.0,244.0,9.4,95.95,1030.0,138.0,138.0,121.0,87.0,0.748,8.71,0.1312672,4.65,2.16,590.0,6,658.98,3.15,95.95,52,5.55,9.4,24.06,5,55,217.0,245.0,239.0,305.2
Tc,2,7,2,2,6,2,6,2,10,6,2,5,0,0,0,0,0,0,0,0,0,7.11938,15.26,29.55,41.0,56.0,6,4,Tc,43,135.0,252.0,8.5,97.90721,939.0,128.0,128.0,120.0,79.0,0.55,8.94,0.1344592,5.3,2.1,585.0,7,678.0,2.74,97.90721,56,5.93,8.64,,5,58,216.0,244.0,236.0,299.8
Ru,2,3.5,2,2,6,2,6,2,10,6,1,7,0,0,0,0,0,0,0,0,0,7.3605,16.76,28.47,45.0,65.0,6,4,Ru,44,130.0,237.0,8.3,101.07,809.0,125.0,125.0,114.0,72.0,1.05,9.1,0.1376494,5.4,2.2,,8,650.6,2.7,101.07,60,6.13,8.2,24.06,5,63,213.0,246.0,234.0,296.3
Rh,2,3,2,2,6,2,6,2,10,6,1,8,0,0,0,0,0,0,0,0,0,7.4589,18.08,31.06,42.0,66.5,6,3,Rh,45,135.0,233.0,8.3,102.9055,708.0,125.0,125.0,110.0,66.0,1.137,9.259,0.1408379,5.4,2.28,494.0,9,556.0,3.8,102.9055,64,5.45,8.3,24.98,5,66,210.0,244.0,234.0,292.9
Pd,2,3,2,2,6,2,6,2,10,6,0,10,0,0,0,0,0,0,0,0,0,8.336839,19.43,32.93,46.0,73.75,6,3,Pd,46,140.0,215.0,8.9,106.42,628.0,120.0,120.0,117.0,26.14,0.562,9.402000000000001,0.1440276,5.45,2.2,372.4,10,376.6,3.89,106.42,68,4.66,8.9,25.98,5,69,210.0,215.0,237.0,289.9
Ag,2,1,2,2,6,2,6,2,10,6,1,10,0,0,0,0,0,0,0,0,0,7.576234,21.4844,34.8,49.0,114.99999999999999,6,3,Ag,47,160.0,225.0,10.3,107.8682,341.0,128.0,128.0,139.0,55.0,1.3019999999999998,11.05,0.1472165,4.35,1.93,254.1,11,284.9,4.09,107.8682,72,2.52,10.25,25.35,5,71,211.0,253.0,243.00000000000003,314.8
Cd,2,2,2,2,6,2,6,2,10,6,2,10,0,0,0,0,0,0,0,0,0,8.99382,16.908313,37.468,51.0,95.0,6,4,Cd,48,155.0,238.0,13.1,112.414,405.0,136.0,136.0,144.0,46.0,,8.995,0.1504066,4.05,1.69,59.1,12,111.8,2.98,112.414,78,1.91,13.0,26.02,5,75,218.00000000000003,249.0,250.0,284.8
In,1,3,2,2,6,2,6,2,10,6,2,10,1,0,0,0,0,0,0,0,0,5.7863558,18.87041,28.04415,55.45,80.0,6,9,In,49,155.0,246.0,15.7,114.818,643.0,142.0,142.0,136.0,65.0,0.3,9.793,0.16423,3.9,1.78,225.1,13,243.0,4.59,114.818,84,1.6,15.75,26.74,5,79,193.0,243.0,264.0,446.3
Sn,1,3,2,2,6,2,6,2,10,6,2,10,2,0,0,0,0,0,0,0,0,7.343918,14.63307,30.506,40.74,69.0,6,9,Sn,50,145.0,248.0,16.3,118.71,715.0,140.0,140.0,130.0,53.0,1.112067,10.79,0.178052,4.15,1.96,296.0,14,301.2,5.82,118.71,90,1.9,16.3,26.99,5,83,217.0,242.0,259.0,439.19999999999993
Sb,1,4,2,2,6,2,6,2,10,6,2,10,3,0,0,0,0,0,0,0,0,8.608389,16.626,25.3235,43.804,68.0,6,7,Sb,51,145.0,246.0,18.4,121.76,504.0,140.0,140.0,133.0,43.0,1.046,11.74,0.19187739999999998,4.4,2.05,195.2,15,264.4,4.51,121.76,96,2.0,16.95,25.23,5,88,206.0,247.0,252.0,442.0
Cs,0,1,2,2,6,2,6,2,10,6,2,10,6,1,0,0,0,0,0,0,0,3.89390572743,23.15745,33.195,43.0,167.0,6,0,Cs,55,260.0,249.00000000000003,70.0,132.90545196,6660.0,231.99999999999997,231.99999999999997,209.0,400.9,0.47162600000000005,3.898,0.1542125,1.95,0.79,68.3,1,76.5,6.05,132.90545196,5,0.17,69.23,32.21,6,8,343.0,348.0,344.0,451.69999999999993
Ba,0,2,2,2,6,2,6,2,10,6,2,10,6,2,0,0,0,0,0,0,0,5.2116646,10.003826,35.8438,47.0,135.0,6,0,Ba,56,215.0,293.0,39.0,137.327,5540.0,196.0,196.0,161.0,272.0,0.14462,5.211,0.1586786,2.32,0.89,142.0,2,179.1,5.02,137.327,9,0.53,38.1,28.07,6,14,268.0,303.0,307.0,370.3
La,2,3,2,2,6,2,6,2,10,6,2,10,6,2,0,1,0,0,0,0,0,5.5769,11.18496,19.1773,49.95,103.2,6,4,La,57,195.0,284.0,22.5,138.90547,3730.0,180.0,180.0,139.0,215.0,0.47,,0.163142,3.17,1.1,402.0,3,431.0,3.75,138.90547,13,1.64,22.55,27.11,6,33,243.00000000000003,298.0,278.0,352.2
Ce,3,3.5,2,2,6,2,6,2,10,6,2,10,6,2,1,1,0,0,0,0,0,5.5386,10.956,20.1974,36.906,94.0,6,3,Ce,58,185.0,282.0,21.0,140.116,3480.0,163.0,163.0,137.0,205.0,0.65,,0.16760999999999998,3.18,1.12,398.0,,420.1,5.16,140.116,15,1.69,21.62,26.94,6,32,242.0,288.0,274.0,355.6
Pr,3,3,2,2,6,2,6,2,10,6,2,10,6,2,3,0,0,0,0,0,0,5.4702,10.631,21.6237,38.981,99.0,6,4,Pr,59,185.0,286.0,20.8,140.90766,3760.0,176.0,176.0,138.0,216.0,0.9620000000000001,,0.17207999999999998,3.19,1.13,331.0,,356.9,3.67,140.90766,17,1.73,20.79,27.2,6,31,240.0,292.0,273.0,360.6
Nd,3,3,2,2,6,2,6,2,10,6,2,10,6,2,4,0,0,0,0,0,0,5.525,10.783,22.09,40.6,110.9,8,4,Nd,60,185.0,284.0,20.6,144.242,3560.0,174.0,174.0,137.0,208.0,1.916,,0.176539,3.19,1.14,289.0,,326.9,3.66,144.242,19,1.73,20.58,27.45,6,30,239.0,295.0,273.0,357.5
Pm,3,3,2,2,6,2,6,2,10,6,2,10,6,2,5,0,0,0,0,0,0,5.58187,10.938,22.44,41.17,97.0,6,10,Pm,61,185.0,283.0,,144.91276,3340.0,173.0,173.0,135.0,200.0,,,0.1810032,3.19,,,,,,144.91276,21,1.77,20.25,,6,29,238.0,,272.0,354.7
Sm,3,3,2,2,6,2,6,2,10,6,2,10,6,2,6,0,0,0,0,0,0,5.643722,11.078,23.55,41.64,95.8,6,7,Sm,62,185.0,280.0,19.9,150.36,3130.0,172.0,172.0,134.0,192.0,,,0.185468,3.2,1.17,165.0,,206.7,9.0,150.36,23,1.77,20.01,29.54,6,28,236.0,290.0,271.0,352.0
Eu,3,2.5,2,2,6,2,6,2,10,6,2,10,6,2,7,0,0,0,0,0,0,5.670385,11.24,24.84,42.94,105.85,6,0,Eu,63,185.0,280.0,28.9,151.964,2940.0,168.0,168.0,134.0,184.0,0.8640000000000001,,0.189935,3.2,,176.0,,177.4,4.61,151.964,25,1.77,19.97,27.66,6,18,235.0,287.0,294.0,349.3
Gd,3,3,2,2,6,2,6,2,10,6,2,10,6,2,7,1,0,0,0,0,0,6.1498,12.076,20.54,44.44,93.8,6,4,Gd,64,180.0,277.0,19.9,157.25,2340.0,169.0,169.0,135.0,158.0,,,0.1944,3.2,1.2,398.0,,397.5,3.64,157.25,27,1.77,19.9,37.03,6,27,234.0,283.0,271.0,336.8
Tb,3,3,2,2,6,2,6,2,10,6,2,10,6,2,9,0,0,0,0,0,0,5.8638,11.513,21.82,39.33,92.30000000000001,6,4,Tb,65,175.0,276.0,19.2,158.92535,2590.0,168.0,168.0,135.0,170.0,1.165,,0.198863,3.21,,389.0,,388.7,3.6,158.92535,29,1.82,19.32,28.91,6,26,233.0,279.0,270.0,345.1
Dy,3,3,2,2,6,2,6,2,10,6,2,10,6,2,10,0,0,0,0,0,0,5.939061,11.647,22.89,41.23,91.2,6,4,Dy,66,175.0,275.0,19.0,162.5,2430.0,167.0,167.0,133.0,163.0,0.35200000000000004,,0.20332999999999998,3.21,1.22,291.0,,290.4,3.59,162.5,31,1.82,19.0,28.16,6,25,231.0,287.0,290.0,342.8
Ho,3,3,2,2,6,2,6,2,10,6,2,10,6,2,11,0,0,0,0,0,0,6.0215,11.781,22.79,42.52,90.10000000000001,6,4,Ho,67,175.0,273.0,18.7,164.93033,2280.0,166.0,166.0,133.0,156.0,,,0.20779499999999998,3.22,1.23,301.0,,300.6,3.58,164.93033,33,1.82,18.76,27.15,6,24,229.99999999999997,281.0,267.0,340.9
Er,3,3,2,2,6,2,6,2,10,6,2,10,6,2,12,0,0,0,0,0,0,6.1077,11.916,22.7,42.42,89.0,6,4,Er,68,175.0,272.0,18.4,167.259,2150.0,165.0,165.0,133.0,150.0,,,0.212261,3.22,1.24,317.0,,316.4,3.56,167.259,35,1.86,18.45,28.12,6,23,229.0,283.0,267.0,339.1
Tm,3,3,2,2,6,2,6,2,10,6,2,10,6,2,13,0,0,0,0,0,0,6.184402,12.065,23.66,42.41,88.0,6,4,Tm,69,175.0,271.0,18.1,168.93422,2020.0,164.0,164.0,131.0,144.0,1.0290000000000001,,0.2167244,3.22,1.25,232.0,,232.2,3.54,168.93422,37,1.86,18.12,27.03,6,22,227.0,279.0,267.0,337.4
Yb,3,3,2,2,6,2,6,2,10,6,2,10,6,2,14,0,0,0,0,0,0,6.25416,12.179185,25.053,43.61,86.8,6,3,Yb,70,175.0,277.0,24.8,173.045,1910.0,170.0,170.0,129.0,139.0,-0.02,,0.22119,3.22,,159.0,,155.6,5.49,173.045,39,1.86,17.97,26.74,6,17,225.99999999999997,280.0,279.0,335.5
Lu,3,3,2,2,6,2,6,2,10,6,2,10,6,2,14,1,0,0,0,0,0,5.425871,14.13,20.9594,45.249,86.1,6,4,Lu,71,175.0,270.0,17.8,174.9668,2020.0,162.0,162.0,131.0,137.0,0.34,6.455,0.22565,3.22,1.0,414.0,,427.6,3.51,174.9668,41,1.91,17.77,26.86,6,21,224.00000000000003,274.0,265.0,364.0
Hf,2,4,2,2,6,2,6,2,10,6,2,10,6,2,14,2,0,0,0,0,0,6.82507,14.61,22.55,33.37,71.0,6,4,Hf,72,155.0,264.0,13.6,178.49,1040.0,152.0,152.0,128.0,103.0,0.013999999999999999,6.83,0.229987,3.6,1.3,575.0,4,618.4,3.2,178.49,45,3.05,13.45,25.73,6,50,223.0,263.0,252.99999999999997,314.1
Ta,2,5,2,2,6,2,6,2,10,6,2,10,6,2,14,3,0,0,0,0,0,7.549571,16.2,23.1,35.0,,,0,Ta,73,145.0,258.0,10.9,180.94788,887.0,146.0,146.0,126.0,74.0,0.322,7.93,0.23458099999999998,4.05,1.5,758.0,5,782.0,3.31,180.94788,49,4.33,10.81,25.36,6,53,222.00000000000003,253.0,243.00000000000003,317.0
W,2,5,2,2,6,2,6,2,10,6,2,10,6,2,14,4,0,0,0,0,0,7.86403,16.37,26.0,38.2,66.0,6,0,W,74,135.0,252.99999999999997,9.53,183.84,757.0,137.0,137.0,120.0,68.0,0.81626,8.67,0.2390504,4.8,1.7,824.0,6,851.0,3.16,183.84,53,5.93,9.55,24.27,6,56,218.00000000000003,257.0,239.0,309.6
Re,2,4,2,2,6,2,6,2,10,6,2,10,6,2,14,5,0,0,0,0,0,7.83352,16.6,27.0,39.1,63.0,6,4,Re,75,135.0,249.00000000000003,8.85,186.207,663.0,131.0,131.0,119.0,62.0,0.15,9.46,0.24351639999999997,5.2,1.9,704.0,7,774.0,2.76,186.207,57,6.33,8.85,25.48,6,59,216.0,249.0,237.0,295.4
Os,2,4,2,2,6,2,6,2,10,6,2,10,6,2,14,6,0,0,0,0,0,8.43823,17.0,25.0,41.0,63.0,6,4,Os,76,130.0,244.0,8.43,190.23,584.0,129.0,129.0,116.0,57.0,1.1,9.78,0.24798449999999997,5.4,2.2,738.0,8,787.0,2.74,190.23,61,6.33,8.45,24.7,6,62,216.0,248.0,235.0,312.0
Ir,2,3.5,2,2,6,2,6,2,10,6,2,10,6,2,14,7,0,0,0,0,0,8.96702,17.0,28.0,40.0,65.25,6,3,Ir,77,135.0,240.0,8.54,192.217,522.0,122.0,122.0,115.0,54.0,1.5638,9.96,0.25106,5.55,2.2,604.0,9,669.0,3.84,192.217,65,6.13,8.52,25.1,6,65,213.0,241.0,236.0,284.0
Pt,2,3,2,2,6,2,6,2,10,6,2,10,6,1,14,9,0,0,0,0,0,8.95883,18.56,29.0,43.0,71.25,6,3,Pt,78,135.0,229.99999999999997,9.1,195.084,470.0,123.0,123.0,112.0,48.0,2.128,10.16,0.25690999999999997,5.65,2.2,470.0,10,565.7,3.92,195.084,69,5.64,9.1,25.86,6,68,213.0,229.0,239.0,275.4
Au,2,3,2,2,6,2,6,2,10,6,2,10,6,1,14,10,0,0,0,0,0,9.225554,20.203,30.0,45.0,85.0,6,3,Au,79,135.0,225.99999999999997,10.2,196.966569,427.0,124.0,124.0,121.0,36.0,2.30863,11.33,0.26137,5.15,2.4,340.0,11,368.2,4.08,196.966569,73,3.87,10.2,25.418,6,70,214.0,232.0,243.00000000000003,329.3
Hg,2,2,2,2,6,2,6,2,10,6,2,10,6,2,14,10,0,0,0,0,0,10.437504,18.75688,34.49,48.55,102.0,6,7,Hg,80,150.0,229.0,14.8,200.592,268.0,133.0,133.0,142.0,33.91,,10.44,0.16899999999999998,4.2,1.9,58.5,12,61.38,2.99,200.592,79,1.91,14.08,27.983,6,74,223.0,245.0,252.99999999999997,270.5
Tl,1,3,2,2,6,2,6,2,10,6,2,10,6,2,14,10,1,0,0,0,0,6.1082873,20.4283,29.852,51.14,88.5,6,4,Tl,81,190.0,242.0,17.2,204.38,509.0,144.0,144.0,142.0,50.0,0.377,,0.173447,3.9,1.8,162.4,13,182.2,3.46,204.38,85,1.4,17.23,26.32,6,78,196.0,247.0,259.0,434.69999999999993
Pb,1,3,2,2,6,2,6,2,10,6,2,10,6,2,14,10,2,0,0,0,0,7.4166799,15.032499,31.9373,42.33256,98.25,6,3,Pb,82,180.0,249.00000000000003,18.3,207.2,534.0,144.0,144.0,135.0,47.0,0.35674316,10.97,0.17791099999999999,4.1,1.8,177.8,14,195.2,4.95,207.2,91,1.52,18.28,26.84,6,82,202.0,260.0,274.0,429.7
Bi,1,3,2,2,6,2,6,2,10,6,2,10,6,2,14,10,3,0,0,0,0,7.285516,16.703,25.57075,45.37,103.0,6,7,Bi,83,160.0,250.0,21.3,208.9804,513.0,151.0,151.0,141.0,48.0,0.942362,11.9,0.182377,4.15,1.9,172.0,15,209.6,4.75,208.9804,97,1.56,19.32,25.52,6,87,206.99999999999997,254.0,266.0,437.0
Po,1,3,2,2,6,2,6,2,10,6,2,10,6,2,14,10,4,0,0,0,0,8.41807,19.3,27.3,36.0,94.0,6,8,Po,84,190.0,250.0,22.7,209.0,424.0,145.0,145.0,135.0,44.0,1.9,13.0,0.186842,,2.0,102.9,16,,3.35,209.0,103,,,,6,91,197.0,,259.0,470.9
Rn,1,,2,2,6,2,6,2,10,6,2,10,6,2,14,10,6,0,0,0,0,10.7485,18.99,29.4,36.9,,,3,Rn,86,,243.00000000000003,,222.0,408.0,142.0,142.0,145.0,35.0,,15.4,0.195772,,,18.1,18,,,222.0,117,,,20.786,6,6,220.00000000000003,240.0,243.00000000000003,476.49999999999994
Fr,0,1,2,2,6,2,6,2,10,6,2,10,6,2,14,10,6,1,0,0,0,4.0727411,22.4,33.5,39.1,180.0,6,0,Fr,87,,258.0,,223.0,,223.0,223.0,218.0,317.8,0.486,,0.08731,,0.7,,1,,,223.0,6,,,,7,7,348.0,,364.0,490.00000000000006
Ra,0,2,2,2,6,2,6,2,10,6,2,10,6,2,14,10,6,2,0,0,0,5.2784239,10.14718,31.0,41.0,148.0,8,10,Ra,88,215.0,292.0,45.0,226.0,,200.99999999999997,200.99999999999997,173.0,246.0,0.1,,0.09788999999999999,,0.9,113.0,2,159.0,,226.0,10,,,,7,13,283.0,,327.0,367.7
Ac,2,3,2,2,6,2,6,2,10,6,2,10,6,2,14,10,6,2,0,1,0,5.380235,11.75,17.436,44.8,112.00000000000001,6,3,Ac,89,195.0,293.0,22.54,227.0,,186.0,186.0,153.0,203.0,0.35,,0.10032999999999999,,1.1,292.9,3,406.0,5.31,227.0,14,,,27.2,7,48,247.00000000000003,280.0,308.0,347.8
Th,3,4,2,2,6,2,6,2,10,6,2,10,6,2,14,10,6,2,0,2,0,6.3067,12.1,18.32,28.648,109.00000000000001,9,3,Th,90,180.0,288.0,19.8,232.0377,,175.0,175.0,143.0,217.0,,,0.10277,3.3,1.3,513.7,,602.0,5.08,232.0377,16,2.1,19.8,27.32,7,47,245.00000000000003,293.0,274.0,339.6
Pa,3,5,2,2,6,2,6,2,10,6,2,10,6,2,14,10,6,2,2,1,0,5.89,11.9,18.6,30.9,,,9,Pa,91,180.0,285.0,15.0,231.03588,,169.0,169.0,138.0,154.0,,,0.12149000000000001,,1.5,481.2,,563.0,3.92,231.03588,18,,,,7,46,243.00000000000003,288.0,264.0,342.4
U,3,6,2,2,6,2,6,2,10,6,2,10,6,2,14,10,6,2,3,1,0,6.19405,11.6,19.8,36.7,,,6,U,92,175.0,283.0,12.5,238.02891,,170.0,170.0,134.0,129.0,,,0.13207,3.9,1.7,417.0,,533.0,2.85,238.02891,20,3.44,13.15,27.665,7,45,241.0,271.0,252.0,339.5
Np,3,5,2,2,6,2,6,2,10,6,2,10,6,2,14,10,6,2,4,1,0,6.26554,11.5,19.7,33.8,,,6,Np,93,175.0,281.0,21.1,237.0,,171.0,171.0,136.0,151.0,,,0.14265,,1.3,336.0,,464.8,4.72,237.0,22,,,,7,44,239.0,282.0,252.0,342.4
Pu,3,4,2,2,6,2,6,2,10,6,2,10,6,2,14,10,6,2,6,0,0,6.02576,11.5,21.1,35.0,86.0,6,5,Pu,94,175.0,278.0,,244.0,,172.0,172.0,135.0,132.0,,,0.16137,3.8,1.3,343.5,,345.0,,244.0,24,2.99,12.06,,7,43,243.00000000000003,281.0,252.0,342.4
Am,3,3,2,2,6,2,6,2,10,6,2,10,6,2,14,10,6,2,7,0,0,5.97381,11.7,21.7,36.8,97.5,6,10,Am,95,175.0,276.0,20.8,243.0,,166.0,166.0,135.0,131.0,,,0.17194,,,238.5,,284.0,,243.0,26,,,,7,42,244.0,283.0,,338.1
Cm,3,3,2,2,6,2,6,2,10,6,2,10,6,2,14,10,6,2,7,1,0,5.992241,12.4,20.1,37.7,97.0,6,10,Cm,96,,276.0,18.28,247.0,,166.0,166.0,136.0,144.0,,,0.17439000000000002,,,,,386.0,,247.0,28,,,,7,41,245.00000000000003,305.0,,332.6
Bk,3,3,2,2,6,2,6,2,10,6,2,10,6,2,14,10,6,2,9,0,0,6.19785,11.9,21.6,36.0,96.0,6,10,Bk,97,,,,247.0,,168.0,168.0,139.0,125.0,,,0.19315,,,,,310.0,,247.0,30,,,,7,40,244.0,340.0,,333.9
Cf,3,3,2,2,6,2,6,2,10,6,2,10,6,2,14,10,6,2,10,0,0,6.281878,12.0,22.4,37.7,95.0,6,10,Cf,98,,,,251.0,,168.0,168.0,140.0,122.0,,,0.20369,,,,,196.0,,251.0,32,,,,7,39,245.00000000000003,305.0,,331.3
Es,3,3,2,2,6,2,6,2,10,6,2,10,6,2,14,10,6,2,11,0,0,6.3684,12.2,22.7,38.8,111.6,9,10,Es,99,,,,252.0,,165.0,165.0,140.0,118.0,,,0.21427,,,,,133.0,,252.0,34,,,,7,38,245.00000000000003,270.0,,329.9
Fm,3,3,2,2,6,2,6,2,10,6,2,10,6,2,14,10,6,2,12,0,0,6.5,12.4,23.2,39.3,110.5,9,10,Fm,100,,,,257.0,,167.0,167.0,,113.0,,,0.22485,,,,,,,257.0,36,,,,7,37,245.00000000000003,,,328.6
Md,3,3,2,2,6,2,6,2,10,6,2,10,6,2,14,10,6,2,13,0,0,6.58,12.4,24.3,40.0,109.5,9,10,Md,101,,,,258.0,,173.0,173.0,139.0,109.0,,,0.23542,,,,,,,258.0,38,,,,7,36,246.0,,,327.4
No,3,3,2,2,6,2,6,2,10,6,2,10,6,2,14,10,6,2,14,0,0,6.62621,12.93,25.8,41.5,108.5,9,10,No,102,,,,259.0,,176.0,176.0,,110.0,,,0.24600000000000002,,,,,,,259.0,40,,,,7,35,246.0,,,324.8
Lr,3,3,2,2,6,2,6,2,10,6,2,10,6,2,14,10,6,2,14,0,1,4.96,14.54,21.8,43.6,107.4,9,10,Lr,103,,,,262.0,,161.0,161.0,141.0,320.0,,,0.24844000000000002,,,,,,,262.0,42,,,,7,34,246.0,,,323.6
Rf,2,4,2,2,6,2,6,2,10,6,2,10,6,2,14,10,6,2,14,2,0,6.02,14.35,23.84,31.87,,,10,Rf,104,,,,267.0,,157.0,157.0,140.0,112.0,,,,,,,4,,,267.0,46,,,,7,,,,,
Db,2,,2,2,6,2,6,2,10,6,2,10,6,2,14,10,6,2,14,3,0,6.8,14.0,23.1,33.0,,,10,Db,105,,,,268.0,,149.0,149.0,136.0,42.0,,,,,,,5,,,268.0,50,,,,7,,,,,
Sg,2,,2,2,6,2,6,2,10,6,2,10,6,2,14,10,6,2,14,4,0,7.8,17.1,25.8,35.5,,,10,Sg,106,,,,271.0,,143.0,143.0,128.0,40.0,,,,,,,6,,,271.0,54,,,,7,,,,,
Bh,2,,2,2,6,2,6,2,10,6,2,10,6,2,14,10,6,2,14,5,0,7.7,17.5,26.7,37.3,,,10,Bh,107,,,,274.0,,141.0,141.0,128.0,38.0,,,,,,,7,,,274.0,58,,,,7,,,,,
Hs,2,,2,2,6,2,6,2,10,6,2,10,6,2,14,10,6,2,14,6,0,7.6,18.2,29.3,37.7,,,10,Hs,108,,,,269.0,,134.0,134.0,125.0,36.0,,,,,,,8,,,269.0,62,,,,7,,,,,
Mt,2,,2,2,6,2,6,2,10,6,2,10,6,2,14,10,6,2,14,7,0,,,,,,,10,Mt,109,,,,276.0,,129.0,129.0,125.0,34.0,,,,,,,9,,,276.0,66,,,,7,,,,,
